transaction_id,company_id,person_id,timestamp,amount_usd,currency,plan_type,transaction_type,campaign_id
80000,5000,10407,2024-01-24,44,USD,pro,one_time,1031
80001,5000,10951,2024-08-20,5875,USD,pro,subscription,1037
80002,5000,10118,2024-11-09,71,GBP,pro,subscription,1026
80003,5000,10848,2024-01-18,967,GBP,pro,upgrade,1029
80004,5000,10464,2024-12-29,5108,GBP,pro,subscription,1028
80005,5000,10623,2024-01-16,397,USD,free,subscription,1023
80006,5000,10884,2024-09-19,36,USD,pro,subscription,1018
80007,5001,10764,2024-02-18,26,USD,pro,upgrade,1016
80008,5001,10683,2024-06-04,158,USD,enterprise,subscription,1046
80009,5001,10262,2024-11-12,195,USD,enterprise,renewal,1007
80010,5001,10673,2024-07-31,113,USD,pro,subscription,1019
80011,5002,10497,2024-09-15,1262,USD,free,one_time,1004
80012,5002,10701,2024-11-03,637,EUR,free,renewal,1001
80013,5002,10253,2024-01-04,14,USD,pro,one_time,1030
80014,5002,10941,2024-05-19,79,EUR,enterprise,subscription,1040
80015,5002,10682,2024-02-05,254,EUR,pro,renewal,1033
80016,5002,10828,2024-12-30,791,EUR,pro,one_time,1016
80017,5002,10571,2024-10-17,2425,EUR,free,subscription,1043
80018,5003,10692,2024-02-10,356,USD,enterprise,one_time,1025
80019,5003,10960,2024-01-28,47,GBP,free,subscription,1044
80020,5003,10878,2024-12-19,7325,USD,pro,subscription,1011
80021,5003,10373,2024-05-27,74,USD,pro,renewal,1010
80022,5003,10903,2024-07-12,614,USD,free,upgrade,1044
80023,5004,10526,2024-12-17,3157,USD,pro,subscription,1017
80024,5004,10196,2024-05-15,469,EUR,pro,subscription,1040
80025,5004,10472,2024-09-16,13,USD,pro,subscription,1045
80026,5004,10425,2024-03-17,1030,USD,enterprise,upgrade,1036
80027,5004,10805,2024-06-19,2149,USD,pro,upgrade,1033
80028,5004,10110,2024-07-20,256,GBP,pro,subscription,1049
80029,5004,10788,2024-02-13,88,GBP,pro,subscription,1012
80030,5004,10721,2024-04-26,137,EUR,enterprise,renewal,1022
80031,5005,10539,2024-04-24,136,USD,pro,subscription,1010
80032,5005,10354,2024-01-12,749,USD,pro,subscription,1013
80033,5005,10494,2024-08-01,577,USD,pro,renewal,1043
80034,5005,10548,2024-07-01,4048,USD,pro,upgrade,1016
80035,5005,10511,2024-07-24,126,GBP,enterprise,renewal,1008
80036,5005,10747,2024-11-19,363,USD,enterprise,one_time,1000
80037,5005,10810,2024-12-22,2445,USD,pro,subscription,1033
80038,5005,10734,2024-10-27,1934,USD,pro,one_time,1013
80039,5005,10173,2024-03-27,793,USD,enterprise,subscription,1012
80040,5005,10572,2024-06-14,6371,EUR,pro,subscription,1013
80041,5005,10562,2024-01-30,343,USD,pro,subscription,1033
80042,5005,10962,2024-07-18,226,USD,pro,one_time,1040
80043,5005,10602,2024-08-17,426,EUR,pro,upgrade,1042
80044,5005,10013,2024-11-22,2820,USD,pro,subscription,1030
80045,5005,10271,2024-10-04,619,USD,free,upgrade,1049
80046,5006,10026,2024-05-23,12,USD,pro,subscription,1023
80047,5006,10094,2024-08-04,1167,USD,free,renewal,1032
80048,5006,10589,2024-04-23,2675,USD,enterprise,subscription,1049
80049,5006,10519,2024-01-11,1562,EUR,free,upgrade,1044
80050,5006,10329,2024-10-31,115,EUR,pro,subscription,1046
80051,5007,10740,2024-11-03,1025,GBP,pro,one_time,1042
80052,5007,10594,2024-04-23,252,USD,pro,upgrade,1040
80053,5007,10210,2024-08-16,343,USD,pro,renewal,1025
80054,5007,10468,2024-06-02,457,GBP,pro,subscription,1047
80055,5007,10804,2024-04-06,106,EUR,enterprise,subscription,1005
80056,5008,10184,2024-03-30,1706,GBP,pro,subscription,1011
80057,5008,10686,2024-10-14,2499,USD,pro,subscription,1043
80058,5008,10588,2024-05-24,1585,EUR,pro,subscription,1036
80059,5008,10531,2024-09-01,81,GBP,pro,subscription,1036
80060,5008,10388,2024-07-03,1436,USD,pro,subscription,1049
80061,5008,10256,2024-10-21,2848,EUR,enterprise,renewal,1012
80062,5008,10641,2024-06-21,78,USD,pro,upgrade,1038
80063,5008,10782,2024-09-15,359,USD,enterprise,subscription,1003
80064,5009,10036,2024-03-28,688,USD,pro,one_time,1042
80065,5009,10924,2024-12-27,1156,EUR,enterprise,subscription,1039
80066,5009,10693,2024-01-16,110,USD,enterprise,upgrade,1000
80067,5009,10007,2024-04-10,345,USD,enterprise,subscription,1000
80068,5009,10485,2024-07-04,82,GBP,pro,renewal,1037
80069,5009,10383,2024-08-25,311,USD,pro,subscription,1019
80070,5009,10978,2024-12-23,1894,USD,pro,subscription,1041
80071,5010,10200,2024-09-22,85,USD,pro,subscription,1031
80072,5010,10186,2024-11-05,737,USD,free,subscription,1039
80073,5010,10124,2024-06-23,4864,USD,enterprise,upgrade,1046
80074,5010,10307,2024-06-16,152,USD,enterprise,subscription,1028
80075,5010,10169,2024-11-19,4156,GBP,pro,one_time,1012
80076,5010,10106,2024-10-16,251,USD,pro,subscription,1020
80077,5010,10643,2024-08-12,381,USD,pro,renewal,1039
80078,5011,10536,2024-08-10,342,EUR,pro,subscription,1046
80079,5011,10485,2024-06-11,55,EUR,pro,upgrade,1000
80080,5011,10003,2024-12-18,612,USD,pro,one_time,1027
80081,5011,10271,2024-10-04,556,GBP,pro,upgrade,1003
80082,5011,10906,2024-03-11,44,USD,enterprise,subscription,1004
80083,5011,10008,2024-04-09,660,GBP,pro,renewal,1012
80084,5011,10268,2024-05-16,98,USD,enterprise,subscription,1035
80085,5011,10290,2024-10-17,683,GBP,free,upgrade,1011
80086,5011,10261,2024-08-18,109,USD,pro,one_time,1012
80087,5011,10801,2024-03-22,71,USD,pro,one_time,1001
80088,5012,10362,2024-09-27,255,USD,pro,one_time,1036
80089,5012,10798,2024-10-17,559,USD,pro,subscription,1000
80090,5012,10229,2024-06-02,94,GBP,pro,renewal,1005
80091,5012,10206,2024-02-08,1657,EUR,pro,one_time,1048
80092,5012,10500,2024-10-29,154,EUR,enterprise,upgrade,1018
80093,5012,10506,2024-09-18,1015,USD,enterprise,subscription,1042
80094,5013,10333,2024-09-19,564,EUR,pro,renewal,1019
80095,5013,10388,2024-07-17,457,USD,pro,subscription,1039
80096,5013,10705,2024-07-19,1257,EUR,free,subscription,1042
80097,5013,10642,2024-07-17,286,EUR,pro,one_time,1002
80098,5014,10738,2024-04-20,2889,USD,free,subscription,1037
80099,5014,10583,2024-10-19,125,EUR,pro,subscription,1047
80100,5014,10264,2024-02-19,21,USD,free,subscription,1038
80101,5014,10849,2024-12-28,3991,USD,enterprise,subscription,1009
80102,5014,10135,2024-10-05,411,USD,pro,subscription,1020
80103,5014,10687,2024-08-20,73,EUR,pro,renewal,1003
80104,5014,10761,2024-07-11,184,USD,free,one_time,1037
80105,5014,10118,2024-01-07,133,EUR,enterprise,subscription,1008
80106,5014,10680,2024-10-22,3952,USD,enterprise,subscription,1043
80107,5015,10187,2024-03-08,3356,USD,pro,subscription,1026
80108,5015,10762,2024-10-04,1320,USD,pro,subscription,1015
80109,5015,10031,2024-07-16,3442,USD,enterprise,subscription,1017
80110,5015,10685,2024-01-31,276,USD,free,upgrade,1019
80111,5015,10462,2024-07-23,26,USD,pro,one_time,1013
80112,5016,10586,2024-12-31,690,USD,pro,subscription,1048
80113,5016,10781,2024-03-19,1657,USD,pro,subscription,1005
80114,5016,10455,2024-02-20,898,EUR,pro,renewal,1034
80115,5016,10054,2024-07-15,665,USD,free,subscription,1036
80116,5017,10078,2024-04-24,2684,EUR,pro,subscription,1035
80117,5017,10996,2024-11-30,630,USD,pro,upgrade,1014
80118,5017,10517,2024-01-06,5396,USD,free,subscription,1014
80119,5018,10246,2024-07-14,671,USD,pro,one_time,1042
80120,5018,10000,2024-12-29,101,USD,pro,subscription,1044
80121,5018,10925,2024-08-30,258,USD,pro,subscription,1024
80122,5018,10945,2024-03-23,935,EUR,pro,subscription,1013
80123,5018,10480,2024-11-22,87,USD,pro,subscription,1034
80124,5018,10944,2024-11-11,9348,GBP,pro,one_time,1047
80125,5019,10665,2024-08-27,76,USD,pro,subscription,1048
80126,5019,10471,2024-11-15,1197,USD,pro,renewal,1047
80127,5019,10224,2024-12-08,279,USD,enterprise,upgrade,1017
80128,5019,10445,2024-04-29,267,USD,free,subscription,1037
80129,5020,10522,2024-10-11,131,USD,free,renewal,1026
80130,5020,10767,2024-03-23,66,USD,pro,renewal,1011
80131,5021,10694,2024-07-16,4616,USD,pro,subscription,1020
80132,5021,10070,2024-07-29,651,USD,pro,upgrade,1039
80133,5021,10202,2024-08-26,508,EUR,enterprise,upgrade,1048
80134,5021,10348,2024-12-14,8903,USD,enterprise,one_time,1030
80135,5021,10847,2024-04-14,1429,USD,enterprise,upgrade,1015
80136,5022,10405,2024-02-27,1185,USD,enterprise,subscription,1037
80137,5022,10158,2024-01-19,419,USD,pro,subscription,1026
80138,5022,10531,2024-05-09,66,USD,enterprise,subscription,1048
80139,5022,10480,2024-07-20,489,USD,pro,subscription,1042
80140,5023,10050,2024-11-04,788,USD,pro,renewal,1024
80141,5023,10658,2024-10-24,628,EUR,pro,one_time,1023
80142,5023,10089,2024-08-24,10,USD,pro,subscription,1036
80143,5023,10514,2024-04-22,84,USD,pro,subscription,1043
80144,5023,10252,2024-05-24,2154,USD,enterprise,subscription,1040
80145,5023,10298,2024-07-10,1175,USD,free,renewal,1011
80146,5023,10760,2024-04-04,870,USD,pro,subscription,1043
80147,5023,10548,2024-11-22,407,USD,pro,upgrade,1038
80148,5023,10739,2024-04-14,2026,EUR,pro,renewal,1012
80149,5023,10262,2024-07-08,90,USD,enterprise,one_time,1014
80150,5023,10316,2024-03-15,116,USD,pro,upgrade,1022
80151,5023,10602,2024-11-14,707,USD,enterprise,one_time,1009
80152,5024,10688,2024-08-31,6277,USD,pro,subscription,1024
80153,5024,10103,2024-12-30,1209,EUR,pro,subscription,1021
80154,5024,10317,2024-07-22,598,EUR,pro,subscription,1004
80155,5024,10442,2024-04-08,2861,USD,pro,upgrade,1039
80156,5024,10532,2024-04-06,1978,EUR,pro,one_time,1001
80157,5024,10781,2024-07-24,821,USD,pro,subscription,1001
80158,5024,10014,2024-11-23,356,USD,pro,subscription,1027
80159,5024,10993,2024-04-20,123,EUR,pro,subscription,1048
80160,5024,10114,2024-07-01,120,USD,pro,one_time,1019
80161,5024,10563,2024-06-24,3600,USD,pro,one_time,1046
80162,5024,10615,2024-08-18,845,USD,pro,one_time,1000
80163,5024,10909,2024-11-13,438,USD,pro,upgrade,1044
80164,5025,10389,2024-11-04,100,USD,pro,upgrade,1006
80165,5025,10525,2024-05-28,230,USD,free,subscription,1000
80166,5025,10433,2024-07-09,246,USD,enterprise,subscription,1039
80167,5025,10471,2024-12-10,132,USD,pro,subscription,1017
80168,5025,10741,2024-08-13,19,GBP,free,one_time,1040
80169,5025,10733,2024-05-12,10,USD,enterprise,subscription,1040
80170,5025,10870,2024-05-06,11281,USD,pro,subscription,1004
80171,5025,10300,2024-07-31,1544,GBP,pro,subscription,1011
80172,5025,10286,2024-08-15,1033,GBP,pro,renewal,1006
80173,5025,10366,2024-01-26,983,USD,enterprise,subscription,1048
80174,5025,10790,2024-01-23,278,USD,pro,upgrade,1040
80175,5025,10223,2024-08-07,213,USD,pro,subscription,1015
80176,5025,10898,2024-04-24,61,USD,pro,subscription,1004
80177,5025,10392,2024-06-02,1544,EUR,enterprise,subscription,1006
80178,5026,10558,2024-06-05,64,GBP,enterprise,subscription,1019
80179,5026,10386,2024-01-25,1281,USD,enterprise,subscription,1019
80180,5026,10347,2024-12-17,363,USD,pro,subscription,1033
80181,5026,10225,2024-03-25,810,GBP,pro,one_time,1041
80182,5026,10226,2024-05-21,3708,USD,pro,renewal,1038
80183,5026,10910,2024-05-17,31,USD,pro,renewal,1048
80184,5026,10940,2024-01-28,598,USD,enterprise,renewal,1035
80185,5026,10072,2024-08-01,1833,USD,free,one_time,1003
80186,5026,10622,2024-02-15,369,USD,enterprise,subscription,1009
80187,5026,10189,2024-10-14,1415,USD,pro,subscription,1021
80188,5026,10548,2024-03-19,1333,USD,free,subscription,1025
80189,5027,10179,2024-03-28,263,USD,enterprise,one_time,1034
80190,5027,10816,2024-04-06,519,USD,enterprise,one_time,1002
80191,5027,10109,2024-08-23,1160,USD,pro,subscription,1030
80192,5027,10142,2024-09-08,147,EUR,pro,renewal,1024
80193,5027,10067,2024-03-20,2733,EUR,free,one_time,1006
80194,5027,10885,2024-06-15,707,USD,enterprise,renewal,1013
80195,5027,10917,2024-10-01,393,USD,pro,one_time,1045
80196,5027,10838,2024-03-08,1497,USD,enterprise,subscription,1040
80197,5028,10842,2024-11-13,702,USD,pro,subscription,1045
80198,5028,10618,2024-05-25,10,EUR,free,upgrade,1036
80199,5028,10903,2024-08-28,530,USD,enterprise,subscription,1000
80200,5028,10196,2024-01-30,693,USD,pro,upgrade,1018
80201,5028,10766,2024-05-10,13392,GBP,pro,upgrade,1014
80202,5028,10975,2024-05-29,77,USD,free,one_time,1020
80203,5028,10594,2024-01-02,1355,USD,pro,one_time,1034
80204,5028,10112,2024-01-31,520,USD,pro,subscription,1007
80205,5028,10674,2024-03-01,1909,USD,pro,subscription,1000
80206,5028,10004,2024-06-22,2296,EUR,pro,subscription,1035
80207,5028,10749,2024-12-05,337,USD,pro,renewal,1032
80208,5028,10305,2024-03-19,359,USD,enterprise,one_time,1030
80209,5028,10636,2024-12-15,472,USD,enterprise,upgrade,1027
80210,5028,10483,2024-11-28,98,USD,pro,one_time,1042
80211,5029,10113,2024-03-30,427,USD,pro,renewal,1020
80212,5029,10135,2024-08-19,540,USD,pro,upgrade,1025
80213,5029,10962,2024-02-05,15,EUR,pro,renewal,1027
80214,5029,10433,2024-02-19,145,USD,enterprise,subscription,1045
80215,5029,10053,2024-07-25,653,EUR,pro,subscription,1022
80216,5029,10827,2024-09-08,727,GBP,pro,subscription,1023
80217,5029,10428,2024-10-09,37,EUR,pro,subscription,1043
80218,5029,10691,2024-07-05,929,EUR,enterprise,subscription,1011
80219,5030,10089,2024-03-27,223,EUR,enterprise,renewal,1049
80220,5030,10483,2024-04-09,839,EUR,pro,upgrade,1023
80221,5030,10858,2024-01-13,1847,USD,enterprise,subscription,1009
80222,5030,10111,2024-07-06,605,USD,pro,one_time,1006
80223,5030,10391,2024-05-29,2313,USD,pro,subscription,1047
80224,5030,10404,2024-11-10,105,USD,free,upgrade,1037
80225,5031,10996,2024-06-02,290,USD,enterprise,one_time,1044
80226,5032,10885,2024-03-16,1061,EUR,pro,one_time,1010
80227,5032,10623,2024-08-24,365,USD,pro,subscription,1021
80228,5032,10551,2024-01-16,1092,USD,pro,subscription,1001
80229,5032,10955,2024-12-24,2114,GBP,pro,subscription,1021
80230,5032,10495,2024-11-05,854,USD,pro,subscription,1003
80231,5033,10593,2024-01-08,1024,EUR,pro,subscription,1026
80232,5033,10315,2024-08-29,783,USD,pro,one_time,1014
80233,5033,10745,2024-06-09,4981,USD,pro,subscription,1006
80234,5033,10055,2024-07-05,55,EUR,pro,subscription,1001
80235,5033,10145,2024-10-09,141,EUR,free,renewal,1007
80236,5033,10341,2024-05-20,116,USD,pro,subscription,1022
80237,5033,10091,2024-08-18,788,USD,pro,subscription,1012
80238,5033,10696,2024-09-18,267,USD,pro,subscription,1045
80239,5033,10555,2024-06-18,99,USD,pro,upgrade,1037
80240,5033,10845,2024-02-09,48,GBP,pro,renewal,1031
80241,5034,10362,2024-09-07,86,EUR,enterprise,one_time,1009
80242,5034,10798,2024-12-14,550,EUR,enterprise,one_time,1048
80243,5034,10584,2024-02-11,166,USD,free,one_time,1003
80244,5034,10127,2024-10-30,647,USD,pro,subscription,1043
80245,5034,10701,2024-11-10,358,USD,enterprise,renewal,1000
80246,5034,10191,2024-05-12,314,EUR,pro,subscription,1040
80247,5034,10273,2024-08-23,40,USD,pro,subscription,1035
80248,5034,10241,2024-09-11,474,USD,enterprise,subscription,1044
80249,5034,10244,2024-07-01,605,USD,enterprise,subscription,1015
80250,5034,10717,2024-05-08,598,GBP,pro,renewal,1007
80251,5034,10761,2024-09-25,89,EUR,enterprise,subscription,1036
80252,5034,10780,2024-03-18,24,USD,enterprise,subscription,1041
80253,5034,10552,2024-05-09,578,USD,pro,renewal,1049
80254,5034,10600,2024-08-15,99,USD,pro,subscription,1026
80255,5035,10785,2024-07-09,306,USD,pro,one_time,1034
80256,5035,10064,2024-04-05,370,USD,pro,subscription,1047
80257,5035,10916,2024-08-13,44,EUR,pro,upgrade,1036
80258,5035,10747,2024-08-28,149,USD,pro,subscription,1047
80259,5035,10926,2024-10-25,346,USD,pro,subscription,1018
80260,5035,10848,2024-11-07,140,GBP,free,upgrade,1045
80261,5036,10413,2024-01-20,211,USD,free,subscription,1014
80262,5036,10713,2024-01-17,1104,USD,pro,upgrade,1044
80263,5036,10984,2024-11-05,295,EUR,pro,subscription,1007
80264,5036,10329,2024-10-26,8245,EUR,pro,subscription,1036
80265,5036,10772,2024-04-07,1390,EUR,pro,renewal,1047
80266,5036,10575,2024-12-04,1220,USD,enterprise,subscription,1007
80267,5037,10147,2024-12-24,412,USD,pro,one_time,1030
80268,5037,10370,2024-01-23,214,USD,pro,subscription,1035
80269,5037,10698,2024-01-02,1128,EUR,pro,subscription,1030
80270,5038,10736,2024-11-29,4670,USD,pro,upgrade,1044
80271,5038,10842,2024-09-14,566,USD,pro,one_time,1009
80272,5038,10271,2024-02-27,330,EUR,enterprise,subscription,1025
80273,5038,10318,2024-11-02,20,EUR,pro,subscription,1002
80274,5038,10159,2024-06-19,122,EUR,pro,renewal,1041
80275,5038,10900,2024-01-20,402,USD,enterprise,one_time,1024
80276,5038,10521,2024-06-14,59,GBP,pro,renewal,1045
80277,5038,10707,2024-06-01,140,USD,pro,one_time,1049
80278,5038,10902,2024-05-16,1826,USD,pro,one_time,1007
80279,5038,10194,2024-09-09,34651,USD,free,subscription,1011
80280,5039,10758,2024-12-12,795,USD,pro,renewal,1032
80281,5039,10449,2024-09-16,248,EUR,enterprise,upgrade,1035
80282,5039,10957,2024-03-24,251,USD,pro,upgrade,1007
80283,5039,10606,2024-08-10,339,USD,pro,upgrade,1006
80284,5039,10939,2024-05-13,327,EUR,enterprise,subscription,1007
80285,5039,10259,2024-06-10,10,EUR,pro,upgrade,1029
80286,5039,10279,2024-04-03,933,USD,pro,renewal,1036
80287,5039,10991,2024-04-20,718,USD,pro,subscription,1029
80288,5039,10343,2024-11-12,3212,USD,pro,renewal,1012
80289,5039,10909,2024-09-18,1733,USD,pro,one_time,1005
80290,5040,10180,2024-10-09,498,USD,pro,subscription,1018
80291,5040,10819,2024-11-11,2386,USD,free,subscription,1015
80292,5040,10275,2024-04-15,247,USD,pro,upgrade,1028
80293,5040,10510,2024-08-09,2481,EUR,free,subscription,1040
80294,5040,10897,2024-11-12,89,USD,free,one_time,1025
80295,5040,10634,2024-11-03,452,USD,free,subscription,1049
80296,5040,10292,2024-05-24,784,GBP,pro,upgrade,1029
80297,5040,10000,2024-11-20,125,USD,pro,subscription,1027
80298,5040,10648,2024-10-19,630,USD,enterprise,one_time,1039
80299,5041,10599,2024-08-23,508,EUR,free,subscription,1003
80300,5041,10914,2024-07-10,93,USD,free,subscription,1003
80301,5041,10309,2024-11-04,90,USD,pro,one_time,1044
80302,5041,10501,2024-01-05,557,USD,enterprise,upgrade,1003
80303,5041,10768,2024-04-03,833,GBP,free,one_time,1041
80304,5041,10562,2024-11-15,3756,USD,enterprise,subscription,1049
80305,5041,10799,2024-05-14,341,USD,enterprise,one_time,1003
80306,5041,10742,2024-09-30,605,USD,free,subscription,1001
80307,5042,10210,2024-08-23,1346,USD,free,one_time,1001
80308,5042,10510,2024-09-09,197,USD,free,subscription,1022
80309,5042,10081,2024-05-15,209,USD,enterprise,one_time,1045
80310,5042,10414,2024-06-01,1772,GBP,free,subscription,1020
80311,5042,10647,2024-03-31,398,EUR,pro,subscription,1016
80312,5042,10856,2024-01-26,200,USD,pro,one_time,1029
80313,5042,10930,2024-08-12,964,USD,free,subscription,1012
80314,5042,10972,2024-06-29,853,USD,pro,subscription,1043
80315,5043,10623,2024-04-29,69,GBP,enterprise,subscription,1015
80316,5043,10716,2024-09-23,307,USD,pro,subscription,1043
80317,5043,10265,2024-08-21,123,USD,free,upgrade,1024
80318,5043,10202,2024-08-01,4552,EUR,free,subscription,1001
80319,5043,10776,2024-02-11,226,USD,pro,upgrade,1026
80320,5043,10946,2024-06-22,1655,USD,enterprise,upgrade,1004
80321,5044,10911,2024-10-14,129,USD,pro,one_time,1037
80322,5044,10090,2024-04-28,2456,EUR,pro,one_time,1048
80323,5044,10037,2024-08-03,324,USD,pro,subscription,1038
80324,5044,10530,2024-03-09,24,USD,free,subscription,1018
80325,5044,10983,2024-03-21,246,EUR,pro,subscription,1004
80326,5045,10739,2024-03-30,352,USD,free,subscription,1019
80327,5045,10082,2024-05-29,327,USD,enterprise,upgrade,1037
80328,5045,10615,2024-04-10,3359,USD,pro,subscription,1040
80329,5045,10104,2024-11-16,1144,EUR,free,subscription,1027
80330,5045,10644,2024-01-29,325,EUR,pro,one_time,1008
80331,5045,10141,2024-02-19,23,USD,free,upgrade,1010
80332,5046,10737,2024-09-12,778,EUR,enterprise,one_time,1023
80333,5046,10133,2024-11-06,20,GBP,pro,subscription,1042
80334,5046,10644,2024-05-11,2625,USD,pro,renewal,1044
80335,5046,10117,2024-06-11,96,EUR,enterprise,subscription,1046
80336,5046,10880,2024-07-04,518,USD,free,one_time,1035
80337,5046,10540,2024-09-07,324,GBP,free,upgrade,1020
80338,5047,10013,2024-04-26,2331,EUR,pro,upgrade,1008
80339,5047,10742,2024-06-06,188,USD,pro,one_time,1037
80340,5047,10754,2024-02-12,421,USD,enterprise,renewal,1042
80341,5047,10546,2024-06-18,525,EUR,pro,subscription,1011
80342,5047,10300,2024-10-29,16065,USD,enterprise,one_time,1012
80343,5047,10939,2024-03-13,386,USD,free,subscription,1009
80344,5048,10494,2024-05-14,766,GBP,pro,subscription,1038
80345,5048,10484,2024-06-20,371,EUR,pro,one_time,1043
80346,5048,10252,2024-04-06,356,USD,enterprise,subscription,1035
80347,5048,10947,2024-08-13,102,EUR,pro,upgrade,1045
80348,5048,10884,2024-04-26,384,USD,pro,subscription,1049
80349,5048,10077,2024-03-04,105,USD,pro,subscription,1007
80350,5049,10535,2024-11-08,348,USD,pro,subscription,1014
80351,5049,10096,2024-12-08,55,USD,pro,subscription,1046
80352,5049,10578,2024-09-02,364,USD,pro,subscription,1006
80353,5049,10831,2024-02-17,208,USD,free,renewal,1048
80354,5049,10309,2024-06-27,616,USD,pro,one_time,1020
80355,5049,10525,2024-11-07,1494,USD,pro,renewal,1047
80356,5049,10366,2024-03-03,3848,USD,pro,renewal,1035
80357,5050,10222,2024-04-20,29,USD,free,upgrade,1011
80358,5050,10203,2024-05-26,122,USD,pro,subscription,1026
80359,5050,10440,2024-06-15,4159,USD,pro,renewal,1033
80360,5050,10356,2024-09-06,825,USD,pro,subscription,1046
80361,5050,10036,2024-11-05,24,USD,pro,upgrade,1035
80362,5050,10232,2024-03-03,124,USD,pro,one_time,1027
80363,5050,10523,2024-03-29,278,USD,pro,subscription,1034
80364,5050,10350,2024-04-28,193,USD,pro,subscription,1013
80365,5050,10413,2024-07-04,4631,USD,pro,one_time,1011
80366,5051,10637,2024-01-11,238,USD,pro,upgrade,1027
80367,5051,10683,2024-12-07,339,USD,free,subscription,1017
80368,5051,10900,2024-02-16,76,USD,pro,subscription,1000
80369,5051,10353,2024-07-27,1942,EUR,enterprise,renewal,1020
80370,5052,10267,2024-09-23,10,GBP,pro,subscription,1022
80371,5052,10655,2024-09-24,552,USD,enterprise,renewal,1012
80372,5052,10558,2024-04-26,436,USD,pro,upgrade,1017
80373,5052,10249,2024-06-18,206,USD,enterprise,subscription,1049
80374,5052,10418,2024-02-07,1192,EUR,pro,subscription,1047
80375,5052,10439,2024-12-27,362,USD,pro,one_time,1030
80376,5052,10528,2024-01-22,12,USD,pro,subscription,1007
80377,5052,10942,2024-03-23,644,USD,pro,subscription,1001
80378,5052,10812,2024-12-13,533,USD,pro,upgrade,1025
80379,5052,10974,2024-10-10,2218,USD,pro,one_time,1006
80380,5052,10822,2024-01-01,336,USD,enterprise,renewal,1042
80381,5053,10796,2024-07-21,103,EUR,enterprise,subscription,1046
80382,5053,10411,2024-12-02,90,USD,pro,one_time,1040
80383,5054,10301,2024-04-24,144,USD,enterprise,subscription,1006
80384,5054,10734,2024-12-10,2477,USD,pro,subscription,1043
80385,5054,10542,2024-05-09,10,EUR,enterprise,renewal,1022
80386,5054,10779,2024-05-07,823,USD,enterprise,one_time,1019
80387,5054,10607,2024-10-30,454,USD,pro,subscription,1000
80388,5054,10040,2024-07-10,2225,EUR,pro,one_time,1042
80389,5054,10406,2024-03-17,503,GBP,free,renewal,1048
80390,5054,10932,2024-10-13,6414,EUR,pro,one_time,1011
80391,5054,10663,2024-09-15,16771,USD,enterprise,one_time,1016
80392,5054,10254,2024-08-12,630,USD,pro,subscription,1030
80393,5054,10736,2024-09-01,80,USD,free,renewal,1015
80394,5054,10384,2024-03-29,144,USD,enterprise,renewal,1028
80395,5054,10670,2024-06-21,99,EUR,pro,subscription,1022
80396,5055,10258,2024-06-08,1278,EUR,pro,subscription,1001
80397,5055,10357,2024-08-20,213,USD,free,one_time,1004
80398,5055,10666,2024-06-10,13,USD,free,subscription,1014
80399,5055,10451,2024-05-19,281,GBP,pro,upgrade,1048
80400,5055,10517,2024-10-03,282,USD,enterprise,subscription,1039
80401,5055,10055,2024-12-22,818,GBP,free,subscription,1033
80402,5055,10846,2024-08-03,66,USD,pro,one_time,1030
80403,5056,10708,2024-10-05,2419,USD,pro,subscription,1039
80404,5056,10533,2024-06-28,332,USD,free,subscription,1037
80405,5056,10766,2024-09-23,766,USD,pro,renewal,1001
80406,5056,10704,2024-01-24,312,USD,free,subscription,1047
80407,5056,10402,2024-05-02,221,USD,pro,subscription,1022
80408,5056,10466,2024-07-21,53,USD,pro,subscription,1001
80409,5056,10445,2024-10-23,1081,USD,pro,upgrade,1008
80410,5057,10565,2024-06-27,1830,GBP,enterprise,renewal,1022
80411,5057,10446,2024-05-28,411,GBP,enterprise,one_time,1049
80412,5057,10985,2024-06-11,1574,USD,pro,one_time,1030
80413,5058,10798,2024-11-03,6069,EUR,pro,subscription,1028
80414,5058,10357,2024-07-22,35935,USD,pro,upgrade,1028
80415,5058,10691,2024-08-10,2126,USD,pro,upgrade,1048
80416,5058,10982,2024-11-15,175,USD,pro,upgrade,1025
80417,5058,10737,2024-04-26,208,GBP,pro,one_time,1028
80418,5058,10894,2024-11-18,34,USD,pro,upgrade,1032
80419,5058,10524,2024-11-14,91,EUR,pro,subscription,1045
80420,5058,10019,2024-07-21,1935,EUR,pro,subscription,1002
80421,5058,10132,2024-07-07,436,USD,pro,subscription,1010
80422,5058,10795,2024-07-06,307,USD,free,upgrade,1040
80423,5058,10884,2024-11-24,24,USD,enterprise,one_time,1023
80424,5059,10768,2024-02-04,1197,USD,enterprise,subscription,1046
80425,5059,10606,2024-12-27,619,USD,free,upgrade,1013
80426,5059,10773,2024-02-26,846,USD,pro,subscription,1018
80427,5059,10679,2024-12-11,385,GBP,pro,subscription,1038
80428,5059,10758,2024-04-30,2351,USD,enterprise,one_time,1000
80429,5059,10062,2024-12-29,127,USD,enterprise,subscription,1013
80430,5059,10022,2024-10-30,304,USD,pro,subscription,1031
80431,5059,10891,2024-01-01,461,USD,pro,subscription,1007
80432,5059,10347,2024-10-01,349,USD,pro,one_time,1040
80433,5059,10581,2024-02-10,988,USD,free,subscription,1007
80434,5059,10782,2024-02-29,1336,USD,pro,subscription,1023
80435,5059,10334,2024-01-10,16,USD,enterprise,subscription,1046
80436,5060,10629,2024-02-09,103,EUR,pro,renewal,1043
80437,5060,10078,2024-07-15,79,EUR,pro,upgrade,1016
80438,5060,10561,2024-04-24,253,USD,pro,renewal,1012
80439,5060,10870,2024-08-06,468,USD,pro,renewal,1041
80440,5060,10958,2024-11-12,36,USD,enterprise,upgrade,1030
80441,5060,10404,2024-09-12,1178,USD,pro,subscription,1002
80442,5061,10023,2024-04-28,414,USD,free,subscription,1049
80443,5061,10289,2024-11-01,496,USD,pro,renewal,1008
80444,5061,10866,2024-07-15,1217,EUR,enterprise,subscription,1011
80445,5061,10484,2024-06-02,495,USD,pro,upgrade,1045
80446,5061,10451,2024-12-26,575,USD,pro,one_time,1049
80447,5061,10266,2024-07-26,626,EUR,enterprise,one_time,1031
80448,5061,10634,2024-03-28,155,USD,pro,renewal,1023
80449,5062,10483,2024-06-15,17401,USD,pro,one_time,1035
80450,5062,10320,2024-11-10,24,USD,free,subscription,1040
80451,5062,10104,2024-12-12,10,USD,pro,subscription,1041
80452,5062,10227,2024-12-28,360,EUR,pro,renewal,1019
80453,5062,10349,2024-12-26,1402,USD,pro,subscription,1038
80454,5063,10263,2024-08-27,663,EUR,enterprise,upgrade,1044
80455,5063,10191,2024-03-08,154,USD,pro,subscription,1021
80456,5063,10025,2024-10-08,223,GBP,pro,subscription,1003
80457,5063,10997,2024-10-30,2197,EUR,pro,upgrade,1032
80458,5063,10035,2024-07-09,3624,EUR,pro,subscription,1000
80459,5063,10273,2024-07-05,1844,GBP,pro,subscription,1030
80460,5063,10095,2024-11-02,35,USD,pro,one_time,1038
80461,5063,10584,2024-12-02,3181,USD,pro,upgrade,1036
80462,5063,10343,2024-10-27,335,USD,enterprise,subscription,1030
80463,5063,10779,2024-08-16,17,EUR,pro,upgrade,1022
80464,5063,10368,2024-06-30,216,EUR,enterprise,upgrade,1007
80465,5064,10379,2024-12-04,473,GBP,pro,renewal,1007
80466,5064,10770,2024-11-10,577,USD,enterprise,subscription,1004
80467,5064,10539,2024-01-25,439,USD,pro,subscription,1002
80468,5064,10087,2024-07-08,141,USD,pro,one_time,1018
80469,5064,10401,2024-02-13,379,USD,pro,subscription,1034
80470,5064,10134,2024-12-14,1301,USD,enterprise,upgrade,1015
80471,5064,10643,2024-03-26,235,USD,pro,subscription,1021
80472,5064,10144,2024-01-26,51,EUR,pro,one_time,1020
80473,5065,10959,2024-07-07,337,GBP,pro,renewal,1009
80474,5065,10003,2024-05-19,328,USD,pro,subscription,1025
80475,5065,10267,2024-09-08,22,EUR,pro,subscription,1044
80476,5065,10696,2024-02-03,363,USD,enterprise,subscription,1035
80477,5065,10567,2024-05-29,688,USD,pro,upgrade,1027
80478,5065,10372,2024-08-29,134,USD,pro,subscription,1017
80479,5065,10566,2024-03-16,460,USD,pro,renewal,1005
80480,5065,10576,2024-01-06,4831,USD,pro,one_time,1010
80481,5066,10153,2024-10-11,106,GBP,enterprise,one_time,1012
80482,5067,10259,2024-10-02,2994,USD,enterprise,one_time,1009
80483,5067,10322,2024-06-12,30,USD,pro,subscription,1011
80484,5067,10546,2024-02-28,295,USD,pro,one_time,1036
80485,5067,10800,2024-11-13,6304,USD,pro,one_time,1046
80486,5067,10667,2024-09-21,452,GBP,pro,subscription,1038
80487,5067,10986,2024-04-15,897,USD,enterprise,subscription,1043
80488,5067,10133,2024-09-28,600,EUR,enterprise,subscription,1008
80489,5067,10411,2024-10-28,604,USD,pro,upgrade,1018
80490,5067,10916,2024-04-13,146,USD,pro,subscription,1034
80491,5068,10637,2024-08-14,341,EUR,pro,one_time,1022
80492,5068,10281,2024-04-05,514,GBP,pro,subscription,1039
80493,5068,10909,2024-11-01,165,EUR,pro,subscription,1036
80494,5068,10980,2024-06-11,300,USD,free,upgrade,1027
80495,5068,10247,2024-03-26,583,USD,free,subscription,1012
80496,5068,10614,2024-03-22,36,GBP,free,subscription,1035
80497,5068,10668,2024-09-30,83,EUR,enterprise,subscription,1043
80498,5068,10508,2024-11-05,45,USD,free,one_time,1031
80499,5068,10046,2024-03-21,57,USD,pro,subscription,1034
80500,5069,10182,2024-03-15,302,USD,pro,subscription,1031
80501,5069,10085,2024-06-01,124,USD,pro,subscription,1009
80502,5069,10257,2024-10-20,500,USD,free,subscription,1035
80503,5069,10656,2024-04-26,226,USD,pro,subscription,1031
80504,5069,10135,2024-10-07,910,USD,pro,subscription,1016
80505,5069,10571,2024-12-28,65,USD,pro,subscription,1014
80506,5069,10801,2024-12-28,58,USD,enterprise,upgrade,1044
80507,5069,10609,2024-09-10,183,USD,enterprise,upgrade,1005
80508,5070,10812,2024-05-05,1529,USD,enterprise,upgrade,1026
80509,5070,10506,2024-06-07,22467,USD,pro,upgrade,1037
80510,5070,10335,2024-09-02,1999,USD,pro,one_time,1007
80511,5070,10411,2024-08-22,296,USD,enterprise,renewal,1037
80512,5070,10322,2024-11-17,5037,GBP,enterprise,upgrade,1040
80513,5070,10077,2024-06-29,303,USD,enterprise,renewal,1033
80514,5070,10339,2024-12-16,64,EUR,pro,subscription,1006
80515,5070,10072,2024-04-22,115,USD,pro,subscription,1004
80516,5070,10652,2024-05-13,404,USD,enterprise,subscription,1045
80517,5071,10693,2024-04-19,65,USD,enterprise,subscription,1010
80518,5071,10765,2024-03-06,794,USD,enterprise,renewal,1004
80519,5071,10233,2024-12-28,152,USD,enterprise,one_time,1036
80520,5071,10988,2024-06-25,1514,USD,pro,upgrade,1021
80521,5071,10610,2024-10-08,366,USD,enterprise,subscription,1040
80522,5071,10206,2024-03-23,2083,USD,pro,subscription,1008
80523,5071,10189,2024-01-26,613,USD,pro,renewal,1020
80524,5072,10783,2024-11-26,88,USD,enterprise,upgrade,1034
80525,5072,10312,2024-12-16,1552,USD,pro,one_time,1017
80526,5072,10719,2024-01-23,1387,USD,pro,one_time,1012
80527,5072,10805,2024-10-11,1173,USD,pro,upgrade,1008
80528,5072,10055,2024-06-11,34,USD,pro,upgrade,1035
80529,5073,10422,2024-02-12,15,USD,pro,renewal,1035
80530,5073,10493,2024-01-27,14,USD,enterprise,upgrade,1039
80531,5073,10845,2024-12-06,243,USD,pro,renewal,1029
80532,5073,10846,2024-06-09,11699,USD,pro,subscription,1030
80533,5074,10371,2024-05-13,68,USD,pro,one_time,1030
80534,5074,10705,2024-09-21,52,USD,enterprise,one_time,1017
80535,5074,10346,2024-11-19,2329,USD,pro,subscription,1027
80536,5074,10378,2024-10-28,10,USD,pro,subscription,1007
80537,5074,10644,2024-01-29,190,EUR,enterprise,one_time,1012
80538,5074,10026,2024-07-20,112,USD,pro,subscription,1041
80539,5074,10110,2024-02-26,16,GBP,pro,subscription,1033
80540,5074,10601,2024-05-20,128,USD,free,one_time,1018
80541,5074,10411,2024-01-23,8180,USD,pro,renewal,1019
80542,5074,10200,2024-03-16,62,GBP,enterprise,upgrade,1023
80543,5074,10139,2024-06-29,622,USD,pro,subscription,1044
80544,5074,10333,2024-06-07,1288,USD,pro,subscription,1017
80545,5074,10287,2024-12-19,582,USD,enterprise,one_time,1026
80546,5075,10248,2024-09-19,261,USD,pro,subscription,1049
80547,5075,10706,2024-11-03,326,USD,pro,renewal,1012
80548,5075,10529,2024-07-17,433,USD,enterprise,upgrade,1012
80549,5075,10972,2024-09-10,95,USD,pro,subscription,1012
80550,5075,10555,2024-02-19,1920,USD,enterprise,one_time,1031
80551,5075,10005,2024-05-08,214,EUR,pro,subscription,1022
80552,5076,10799,2024-07-10,3296,USD,pro,subscription,1003
80553,5076,10782,2024-08-14,217,USD,pro,one_time,1000
80554,5076,10594,2024-03-08,507,USD,pro,subscription,1023
80555,5076,10573,2024-01-08,1447,USD,pro,subscription,1031
80556,5077,10441,2024-07-20,42,USD,pro,renewal,1036
80557,5077,10412,2024-10-03,61,USD,pro,subscription,1008
80558,5077,10011,2024-05-07,165,USD,pro,subscription,1017
80559,5077,10763,2024-12-18,206,USD,pro,one_time,1043
80560,5077,10653,2024-07-27,38,USD,pro,subscription,1006
80561,5077,10894,2024-07-01,1175,EUR,pro,renewal,1020
80562,5078,10634,2024-09-01,632,USD,pro,one_time,1042
80563,5078,10075,2024-03-27,289,EUR,pro,subscription,1006
80564,5078,10801,2024-04-02,469,USD,free,subscription,1012
80565,5078,10489,2024-10-10,591,EUR,pro,renewal,1003
80566,5078,10361,2024-08-09,338,USD,pro,subscription,1010
80567,5078,10493,2024-01-04,428,USD,pro,subscription,1000
80568,5078,10063,2024-03-19,11091,USD,pro,subscription,1021
80569,5078,10747,2024-05-26,225,EUR,free,subscription,1000
80570,5079,10110,2024-07-17,273,GBP,free,subscription,1035
80571,5079,10570,2024-11-19,38,USD,pro,upgrade,1007
80572,5079,10680,2024-01-11,150,USD,pro,upgrade,1018
80573,5079,10617,2024-04-12,244,USD,pro,subscription,1046
80574,5079,10946,2024-06-29,4921,EUR,free,subscription,1010
80575,5080,10579,2024-07-04,558,GBP,pro,one_time,1021
80576,5080,10452,2024-09-23,860,USD,free,subscription,1036
80577,5080,10821,2024-08-13,203,GBP,free,upgrade,1010
80578,5080,10909,2024-03-01,969,USD,enterprise,subscription,1034
80579,5080,10823,2024-07-02,57,USD,enterprise,upgrade,1006
80580,5080,10321,2024-02-23,330,USD,free,subscription,1034
80581,5080,10245,2024-01-21,1101,USD,pro,subscription,1009
80582,5080,10377,2024-04-01,594,EUR,enterprise,subscription,1046
80583,5080,10903,2024-03-06,463,GBP,enterprise,subscription,1023
80584,5080,10821,2024-11-09,1175,USD,pro,one_time,1003
80585,5080,10145,2024-02-12,168,USD,pro,subscription,1004
80586,5081,10565,2024-07-20,705,USD,pro,renewal,1039
80587,5081,10972,2024-08-22,1720,USD,pro,subscription,1032
80588,5081,10711,2024-12-06,465,USD,pro,subscription,1033
80589,5081,10111,2024-03-12,526,USD,pro,one_time,1019
80590,5081,10988,2024-03-02,241,USD,pro,one_time,1026
80591,5081,10464,2024-04-05,477,GBP,pro,one_time,1024
80592,5081,10205,2024-09-20,207,USD,enterprise,subscription,1031
80593,5081,10740,2024-05-15,50,USD,pro,upgrade,1030
80594,5081,10057,2024-12-31,508,USD,pro,one_time,1035
80595,5081,10355,2024-08-21,496,EUR,enterprise,one_time,1033
80596,5081,10776,2024-03-15,1273,GBP,pro,subscription,1004
80597,5081,10964,2024-06-25,25,USD,pro,renewal,1027
80598,5081,10901,2024-10-08,136,USD,pro,upgrade,1008
80599,5081,10714,2024-05-24,1606,USD,pro,subscription,1016
80600,5082,10025,2024-05-24,97,EUR,enterprise,renewal,1038
80601,5082,10143,2024-02-10,283,USD,pro,subscription,1042
80602,5082,10633,2024-01-09,8170,USD,free,one_time,1004
80603,5082,10416,2024-08-10,4524,USD,pro,subscription,1049
80604,5082,10722,2024-12-03,25,USD,pro,subscription,1010
80605,5082,10400,2024-06-05,1221,EUR,pro,upgrade,1010
80606,5082,10118,2024-04-11,478,EUR,pro,subscription,1041
80607,5082,10880,2024-01-28,8022,USD,enterprise,subscription,1033
80608,5082,10523,2024-08-12,581,GBP,pro,subscription,1044
80609,5083,10442,2024-06-14,3922,USD,free,subscription,1024
80610,5083,10664,2024-08-21,2268,USD,free,renewal,1002
80611,5083,10447,2024-10-08,273,USD,pro,upgrade,1044
80612,5083,10995,2024-03-29,280,USD,free,subscription,1030
80613,5083,10506,2024-01-01,275,EUR,free,renewal,1042
80614,5083,10744,2024-08-13,4792,USD,enterprise,upgrade,1030
80615,5083,10961,2024-10-05,1596,USD,pro,one_time,1034
80616,5083,10905,2024-12-30,2314,USD,pro,one_time,1012
80617,5083,10925,2024-08-03,846,USD,pro,subscription,1040
80618,5083,10718,2024-12-21,5208,USD,enterprise,subscription,1025
80619,5083,10453,2024-03-09,454,USD,pro,subscription,1000
80620,5083,10798,2024-07-31,11073,EUR,enterprise,subscription,1006
80621,5083,10896,2024-03-28,73,USD,pro,upgrade,1004
80622,5084,10901,2024-09-23,23,USD,pro,subscription,1008
80623,5084,10621,2024-02-21,616,USD,pro,upgrade,1022
80624,5084,10546,2024-07-18,2959,USD,free,subscription,1043
80625,5084,10837,2024-10-29,145,USD,enterprise,subscription,1036
80626,5084,10852,2024-04-03,4083,USD,pro,subscription,1020
80627,5084,10914,2024-11-12,521,GBP,pro,one_time,1043
80628,5084,10478,2024-09-26,1083,EUR,pro,subscription,1038
80629,5084,10991,2024-03-10,363,GBP,pro,one_time,1005
80630,5085,10423,2024-07-04,279,USD,free,one_time,1006
80631,5085,10757,2024-10-09,315,EUR,enterprise,subscription,1016
80632,5085,10531,2024-05-12,363,USD,pro,subscription,1029
80633,5085,10993,2024-10-05,1843,USD,pro,subscription,1033
80634,5085,10662,2024-05-12,549,USD,pro,renewal,1036
80635,5085,10617,2024-08-24,533,EUR,enterprise,one_time,1035
80636,5086,10700,2024-04-26,189,USD,pro,renewal,1004
80637,5086,10151,2024-11-07,4498,GBP,pro,subscription,1017
80638,5086,10423,2024-03-24,11620,USD,free,subscription,1044
80639,5086,10666,2024-04-09,941,EUR,enterprise,subscription,1027
80640,5086,10563,2024-10-22,43,USD,pro,subscription,1024
80641,5086,10843,2024-04-19,53,USD,enterprise,one_time,1010
80642,5086,10321,2024-06-29,1015,USD,pro,upgrade,1043
80643,5086,10379,2024-01-03,580,USD,enterprise,one_time,1009
80644,5087,10080,2024-03-06,61,USD,enterprise,one_time,1030
80645,5087,10520,2024-09-17,751,USD,free,renewal,1037
80646,5087,10844,2024-02-11,1024,USD,pro,subscription,1000
80647,5087,10403,2024-02-16,280,USD,pro,renewal,1039
80648,5087,10617,2024-07-05,283,GBP,pro,one_time,1014
80649,5087,10315,2024-06-02,129,USD,enterprise,subscription,1015
80650,5087,10317,2024-07-02,967,EUR,enterprise,subscription,1008
80651,5088,10076,2024-06-24,2419,EUR,pro,subscription,1035
80652,5088,10886,2024-01-27,3314,USD,enterprise,subscription,1020
80653,5088,10002,2024-11-06,263,GBP,pro,one_time,1035
80654,5088,10948,2024-04-11,76,USD,pro,one_time,1016
80655,5088,10102,2024-08-25,69,GBP,pro,one_time,1026
80656,5088,10718,2024-05-09,5151,USD,enterprise,subscription,1013
80657,5088,10837,2024-12-24,109,USD,pro,subscription,1046
80658,5088,10427,2024-02-19,4828,GBP,pro,upgrade,1039
80659,5088,10222,2024-11-04,554,USD,free,subscription,1016
80660,5088,10790,2024-12-03,247,USD,free,subscription,1003
80661,5089,10074,2024-02-27,42,USD,pro,subscription,1019
80662,5089,10788,2024-01-27,883,USD,enterprise,renewal,1018
80663,5089,10224,2024-10-30,423,EUR,free,subscription,1039
80664,5089,10428,2024-01-08,29,EUR,pro,subscription,1014
80665,5089,10990,2024-08-03,79,USD,enterprise,subscription,1030
80666,5089,10538,2024-12-31,4033,EUR,enterprise,subscription,1020
80667,5089,10950,2024-02-19,775,USD,enterprise,subscription,1046
80668,5090,10710,2024-09-14,283,USD,enterprise,upgrade,1035
80669,5090,10095,2024-01-25,2162,USD,free,subscription,1017
80670,5090,10621,2024-08-29,348,USD,pro,one_time,1028
80671,5091,10625,2024-03-09,5874,USD,enterprise,subscription,1027
80672,5091,10267,2024-06-25,386,USD,pro,subscription,1025
80673,5091,10070,2024-10-23,3140,EUR,pro,subscription,1006
80674,5091,10992,2024-07-03,4018,GBP,pro,renewal,1000
80675,5091,10888,2024-02-28,32,USD,pro,upgrade,1020
80676,5092,10775,2024-03-21,63,USD,pro,subscription,1024
80677,5092,10788,2024-12-15,130,USD,free,one_time,1043
80678,5092,10327,2024-05-15,456,USD,pro,upgrade,1036
80679,5092,10781,2024-11-06,1141,USD,pro,one_time,1020
80680,5092,10003,2024-05-02,377,USD,pro,subscription,1004
80681,5092,10292,2024-04-25,125,USD,pro,renewal,1038
80682,5092,10952,2024-09-25,157,EUR,pro,one_time,1031
80683,5092,10467,2024-08-11,202,USD,pro,subscription,1022
80684,5092,10020,2024-10-07,153,USD,free,one_time,1039
80685,5092,10858,2024-04-14,2221,USD,pro,upgrade,1019
80686,5093,10632,2024-01-23,193,USD,enterprise,upgrade,1023
80687,5093,10575,2024-02-01,91,USD,free,subscription,1027
80688,5093,10400,2024-07-02,325,USD,free,subscription,1043
80689,5093,10224,2024-08-23,2302,EUR,enterprise,one_time,1035
80690,5093,10731,2024-02-29,1006,USD,pro,subscription,1026
80691,5093,10190,2024-09-09,9876,USD,pro,subscription,1004
80692,5093,10363,2024-01-31,2302,USD,pro,upgrade,1004
80693,5093,10190,2024-07-28,243,EUR,free,subscription,1019
80694,5094,10476,2024-01-29,150,USD,pro,renewal,1047
80695,5094,10507,2024-04-03,5958,GBP,pro,subscription,1014
80696,5094,10464,2024-03-21,641,USD,pro,subscription,1000
80697,5094,10181,2024-02-07,1122,USD,pro,subscription,1040
80698,5094,10691,2024-02-06,1012,USD,pro,one_time,1017
80699,5094,10856,2024-07-16,289,USD,pro,subscription,1010
80700,5094,10349,2024-07-20,1119,USD,pro,subscription,1048
80701,5094,10459,2024-01-19,956,USD,enterprise,subscription,1023
80702,5095,10827,2024-01-28,599,EUR,pro,one_time,1041
80703,5095,10790,2024-11-21,689,USD,enterprise,renewal,1024
80704,5095,10414,2024-01-01,314,GBP,pro,subscription,1001
80705,5095,10009,2024-06-12,1472,EUR,free,one_time,1024
80706,5095,10638,2024-12-28,2799,USD,pro,subscription,1020
80707,5095,10443,2024-02-29,10,USD,free,renewal,1041
80708,5095,10186,2024-11-18,566,EUR,free,upgrade,1000
80709,5095,10429,2024-05-08,72,USD,pro,upgrade,1021
80710,5096,10346,2024-06-25,121,USD,enterprise,upgrade,1019
80711,5096,10486,2024-08-07,48,USD,pro,renewal,1047
80712,5096,10426,2024-05-12,110,EUR,pro,one_time,1010
80713,5096,10120,2024-01-14,458,USD,pro,upgrade,1012
80714,5096,10336,2024-03-16,140,USD,pro,subscription,1003
80715,5096,10952,2024-10-06,1130,USD,pro,one_time,1007
80716,5096,10436,2024-12-19,416,USD,pro,renewal,1012
80717,5097,10313,2024-07-17,44,USD,pro,subscription,1019
80718,5097,10638,2024-06-10,67,USD,enterprise,renewal,1036
80719,5097,10065,2024-02-09,162,USD,pro,subscription,1042
80720,5097,10028,2024-10-30,9046,USD,enterprise,one_time,1032
80721,5097,10730,2024-05-16,3596,EUR,free,subscription,1025
80722,5097,10805,2024-02-06,305,USD,free,subscription,1013
80723,5098,10789,2024-08-12,265,USD,free,renewal,1047
80724,5098,10114,2024-06-19,1007,USD,pro,subscription,1016
80725,5098,10802,2024-01-13,906,GBP,pro,subscription,1049
80726,5098,10121,2024-10-29,599,EUR,pro,subscription,1032
80727,5098,10446,2024-08-16,2130,USD,pro,upgrade,1042
80728,5098,10166,2024-02-23,1192,USD,pro,subscription,1028
80729,5098,10435,2024-11-17,63,USD,enterprise,subscription,1048
80730,5098,10926,2024-01-22,102,EUR,free,renewal,1049
80731,5098,10515,2024-05-04,759,USD,enterprise,upgrade,1020
80732,5099,10563,2024-04-08,954,USD,free,subscription,1003
80733,5099,10952,2024-02-07,419,EUR,enterprise,subscription,1010
80734,5099,10167,2024-06-30,53,USD,free,upgrade,1036
80735,5099,10122,2024-03-18,1636,EUR,enterprise,upgrade,1024
80736,5099,10306,2024-07-17,90,EUR,pro,one_time,1043
80737,5099,10595,2024-05-12,2941,USD,free,subscription,1027
80738,5099,10455,2024-02-15,457,USD,pro,renewal,1005
80739,5099,10776,2024-07-28,3038,USD,pro,subscription,1016
80740,5099,10938,2024-05-27,919,EUR,enterprise,subscription,1044
80741,5100,10977,2024-03-10,10959,USD,pro,renewal,1022
80742,5100,10448,2024-01-10,145,USD,pro,subscription,1034
80743,5100,10274,2024-03-08,157,USD,free,subscription,1003
80744,5100,10638,2024-02-03,214,USD,enterprise,subscription,1030
80745,5100,10590,2024-11-22,4925,EUR,pro,one_time,1014
80746,5101,10968,2024-04-18,1951,USD,pro,subscription,1036
80747,5101,10965,2024-04-22,554,USD,enterprise,renewal,1001
80748,5101,10436,2024-12-21,96,GBP,pro,subscription,1027
80749,5101,10186,2024-01-04,244,USD,pro,renewal,1048
80750,5101,10231,2024-04-03,1465,USD,enterprise,one_time,1010
80751,5101,10201,2024-05-15,52,USD,pro,subscription,1030
80752,5101,10433,2024-02-07,21992,EUR,pro,upgrade,1020
80753,5101,10118,2024-02-27,96,EUR,enterprise,renewal,1004
80754,5101,10722,2024-04-27,763,USD,pro,subscription,1047
80755,5102,10818,2024-12-16,3503,EUR,pro,renewal,1003
80756,5102,10912,2024-10-11,451,USD,enterprise,subscription,1001
80757,5102,10240,2024-04-09,603,EUR,pro,subscription,1046
80758,5102,10507,2024-10-16,1085,USD,enterprise,subscription,1024
80759,5102,10626,2024-04-23,418,EUR,pro,one_time,1046
80760,5102,10850,2024-01-23,347,USD,free,renewal,1002
80761,5103,10012,2024-01-28,1135,USD,pro,renewal,1046
80762,5103,10864,2024-05-30,15,USD,pro,subscription,1045
80763,5103,10814,2024-04-19,18,USD,pro,subscription,1005
80764,5103,10858,2024-08-25,4324,USD,pro,renewal,1030
80765,5103,10083,2024-08-29,93,USD,free,one_time,1009
80766,5103,10024,2024-04-15,228,GBP,pro,subscription,1047
80767,5103,10942,2024-01-29,53,USD,pro,upgrade,1019
80768,5103,10628,2024-09-08,478,USD,pro,subscription,1046
80769,5103,10538,2024-10-18,94,USD,pro,one_time,1035
80770,5104,10055,2024-12-04,1037,USD,enterprise,renewal,1035
80771,5104,10898,2024-09-30,71,USD,pro,renewal,1016
80772,5104,10759,2024-01-20,787,USD,enterprise,upgrade,1036
80773,5104,10918,2024-04-15,758,USD,pro,one_time,1033
80774,5104,10257,2024-01-03,158,USD,pro,one_time,1013
80775,5104,10215,2024-05-08,41,USD,enterprise,one_time,1048
80776,5105,10940,2024-01-11,116,USD,pro,renewal,1010
80777,5105,10104,2024-11-24,153,USD,pro,subscription,1006
80778,5105,10687,2024-04-13,275,USD,pro,subscription,1032
80779,5105,10032,2024-01-06,126,USD,pro,renewal,1028
80780,5105,10085,2024-09-16,101,USD,free,renewal,1013
80781,5105,10336,2024-10-20,373,USD,pro,upgrade,1005
80782,5105,10204,2024-12-18,14,USD,enterprise,one_time,1011
80783,5106,10148,2024-02-24,1558,USD,pro,subscription,1047
80784,5106,10380,2024-09-20,517,USD,pro,subscription,1043
80785,5106,10887,2024-09-26,108,USD,pro,subscription,1016
80786,5106,10167,2024-11-26,8458,GBP,pro,subscription,1041
80787,5106,10230,2024-08-20,721,EUR,pro,subscription,1034
80788,5106,10225,2024-12-26,129,USD,pro,subscription,1016
80789,5106,10141,2024-07-27,166,USD,pro,upgrade,1041
80790,5106,10990,2024-06-02,30,EUR,pro,upgrade,1007
80791,5106,10253,2024-07-28,354,EUR,pro,subscription,1013
80792,5106,10949,2024-04-18,2515,USD,pro,subscription,1039
80793,5106,10423,2024-10-27,369,USD,pro,renewal,1026
80794,5106,10977,2024-05-15,3881,USD,free,one_time,1037
80795,5107,10289,2024-07-25,714,GBP,enterprise,subscription,1031
80796,5107,10591,2024-02-03,127,USD,pro,subscription,1039
80797,5107,10893,2024-12-10,253,USD,pro,subscription,1026
80798,5107,10266,2024-07-03,8344,EUR,enterprise,one_time,1020
80799,5107,10993,2024-05-14,326,USD,pro,subscription,1031
80800,5108,10127,2024-08-20,146,USD,pro,subscription,1023
80801,5108,10574,2024-11-30,58,USD,pro,subscription,1006
80802,5108,10527,2024-10-18,423,USD,pro,subscription,1013
80803,5108,10218,2024-04-19,158,USD,enterprise,one_time,1003
80804,5108,10854,2024-09-22,208,USD,enterprise,subscription,1044
80805,5108,10103,2024-02-28,585,USD,pro,one_time,1024
80806,5108,10189,2024-09-05,86,USD,free,upgrade,1012
80807,5108,10072,2024-06-21,1705,EUR,pro,upgrade,1021
80808,5109,10207,2024-03-20,876,USD,pro,subscription,1046
80809,5109,10331,2024-05-26,98,GBP,pro,subscription,1049
80810,5109,10543,2024-11-06,548,USD,enterprise,subscription,1022
80811,5109,10347,2024-08-22,1219,EUR,enterprise,upgrade,1028
80812,5109,10531,2024-11-12,679,EUR,pro,subscription,1024
80813,5109,10149,2024-07-30,371,USD,enterprise,subscription,1011
80814,5109,10877,2024-10-17,495,USD,pro,one_time,1025
80815,5109,10710,2024-01-31,351,EUR,pro,subscription,1040
80816,5109,10878,2024-10-11,1184,USD,pro,subscription,1045
80817,5109,10638,2024-07-07,109,GBP,enterprise,upgrade,1010
80818,5110,10478,2024-05-05,130,EUR,enterprise,renewal,1033
80819,5110,10594,2024-03-29,79,USD,pro,subscription,1035
80820,5110,10081,2024-07-09,1094,USD,pro,one_time,1041
80821,5110,10437,2024-09-10,284,USD,enterprise,subscription,1028
80822,5110,10087,2024-04-01,48,USD,pro,one_time,1012
80823,5110,10468,2024-04-16,760,USD,pro,upgrade,1010
80824,5110,10424,2024-04-30,536,GBP,free,subscription,1029
80825,5110,10443,2024-06-24,340,GBP,pro,one_time,1043
80826,5111,10689,2024-09-20,498,USD,free,subscription,1048
80827,5111,10498,2024-12-09,437,USD,pro,subscription,1035
80828,5111,10340,2024-07-24,61,USD,free,renewal,1045
80829,5111,10069,2024-09-24,349,GBP,free,subscription,1019
80830,5112,10442,2024-01-31,1287,USD,pro,renewal,1012
80831,5112,10380,2024-09-15,1524,USD,pro,subscription,1019
80832,5112,10440,2024-12-13,728,EUR,enterprise,upgrade,1010
80833,5112,10846,2024-09-16,947,EUR,pro,subscription,1026
80834,5112,10032,2024-01-07,82,USD,pro,upgrade,1007
80835,5112,10064,2024-09-27,157,USD,pro,renewal,1013
80836,5112,10945,2024-09-01,3136,USD,enterprise,subscription,1012
80837,5112,10471,2024-01-31,691,USD,pro,subscription,1036
80838,5113,10344,2024-02-18,1643,USD,pro,subscription,1010
80839,5113,10890,2024-04-08,49,EUR,free,subscription,1005
80840,5113,10868,2024-05-23,559,USD,pro,subscription,1033
80841,5113,10110,2024-06-13,7314,USD,pro,subscription,1023
80842,5113,10915,2024-03-21,63,USD,pro,renewal,1030
80843,5113,10613,2024-10-27,15,GBP,pro,upgrade,1037
80844,5113,10822,2024-08-04,5490,USD,pro,one_time,1029
80845,5114,10563,2024-05-05,201,GBP,enterprise,subscription,1046
80846,5114,10306,2024-03-16,96,USD,pro,subscription,1041
80847,5114,10616,2024-04-29,143,USD,enterprise,renewal,1016
80848,5114,10741,2024-04-20,94,USD,pro,upgrade,1009
80849,5114,10662,2024-12-12,93,EUR,pro,renewal,1014
80850,5114,10124,2024-07-10,494,GBP,pro,subscription,1047
80851,5114,10469,2024-04-19,1722,GBP,free,renewal,1017
80852,5114,10763,2024-05-05,968,EUR,pro,renewal,1002
80853,5115,10883,2024-05-24,171,USD,pro,subscription,1030
80854,5115,10896,2024-03-13,133,GBP,pro,one_time,1009
80855,5115,10032,2024-03-19,755,USD,pro,subscription,1036
80856,5115,10648,2024-10-20,208,EUR,enterprise,renewal,1005
80857,5115,10385,2024-01-01,350,EUR,pro,subscription,1023
80858,5115,10694,2024-10-02,500,GBP,enterprise,renewal,1034
80859,5115,10960,2024-10-14,156,GBP,pro,one_time,1019
80860,5115,10681,2024-04-09,1269,USD,pro,upgrade,1000
80861,5115,10522,2024-01-08,1110,USD,pro,subscription,1020
80862,5115,10372,2024-11-22,422,GBP,pro,subscription,1042
80863,5115,10542,2024-07-27,972,USD,enterprise,subscription,1020
80864,5115,10249,2024-12-24,238,USD,enterprise,subscription,1017
80865,5115,10445,2024-09-24,1799,USD,enterprise,subscription,1014
80866,5115,10962,2024-01-12,429,USD,pro,renewal,1043
80867,5116,10937,2024-05-27,288,USD,pro,one_time,1038
80868,5116,10503,2024-10-04,94,USD,free,one_time,1032
80869,5116,10792,2024-10-04,11822,USD,free,subscription,1017
80870,5116,10900,2024-04-16,4551,USD,pro,subscription,1042
80871,5116,10159,2024-06-11,9066,USD,enterprise,renewal,1004
80872,5116,10058,2024-10-25,6112,USD,enterprise,renewal,1010
80873,5116,10132,2024-01-13,15,USD,enterprise,one_time,1026
80874,5116,10975,2024-11-14,111,EUR,free,one_time,1039
80875,5117,10427,2024-05-19,189,USD,pro,subscription,1009
80876,5117,10663,2024-01-25,23,USD,enterprise,one_time,1048
80877,5117,10491,2024-04-18,71,USD,pro,subscription,1026
80878,5117,10668,2024-10-25,557,EUR,pro,renewal,1042
80879,5118,10967,2024-07-12,880,EUR,pro,one_time,1041
80880,5118,10549,2024-10-15,836,GBP,enterprise,subscription,1006
80881,5118,10545,2024-01-01,2590,USD,enterprise,upgrade,1034
80882,5118,10480,2024-05-15,1906,EUR,pro,subscription,1041
80883,5118,10830,2024-11-29,437,USD,pro,upgrade,1033
80884,5118,10161,2024-11-19,263,EUR,free,renewal,1031
80885,5118,10864,2024-03-20,306,USD,enterprise,subscription,1044
80886,5118,10153,2024-09-23,361,USD,pro,renewal,1030
80887,5118,10611,2024-04-27,117,GBP,pro,one_time,1044
80888,5119,10860,2024-04-18,581,USD,enterprise,upgrade,1024
80889,5119,10984,2024-10-18,182,USD,pro,subscription,1018
80890,5119,10199,2024-09-30,950,USD,enterprise,upgrade,1007
80891,5119,10621,2024-01-24,1148,USD,pro,subscription,1044
80892,5119,10337,2024-02-11,173,USD,pro,subscription,1037
80893,5119,10028,2024-06-09,2558,USD,free,subscription,1044
80894,5119,10128,2024-11-01,270,USD,free,subscription,1047
80895,5119,10608,2024-04-26,28,USD,enterprise,subscription,1021
80896,5119,10893,2024-05-06,90,USD,pro,subscription,1040
80897,5119,10291,2024-03-31,340,EUR,pro,upgrade,1015
80898,5119,10796,2024-10-11,227,USD,pro,one_time,1015
80899,5120,10113,2024-05-25,450,USD,free,subscription,1013
80900,5120,10153,2024-04-26,15,EUR,enterprise,upgrade,1010
80901,5120,10369,2024-06-21,789,USD,enterprise,subscription,1030
80902,5120,10956,2024-06-16,140,USD,enterprise,one_time,1046
80903,5120,10807,2024-10-30,7907,GBP,pro,renewal,1024
80904,5120,10163,2024-04-08,423,EUR,enterprise,subscription,1009
80905,5120,10027,2024-02-01,163,USD,enterprise,upgrade,1014
80906,5120,10238,2024-11-30,427,USD,enterprise,one_time,1041
80907,5120,10511,2024-08-20,1288,USD,pro,upgrade,1019
80908,5120,10502,2024-09-02,2103,USD,pro,subscription,1033
80909,5120,10433,2024-08-19,125,USD,pro,one_time,1003
80910,5120,10124,2024-09-18,5613,USD,enterprise,subscription,1003
80911,5120,10968,2024-11-01,144,EUR,enterprise,one_time,1007
80912,5120,10413,2024-10-26,610,USD,pro,subscription,1039
80913,5120,10228,2024-04-12,24,GBP,pro,subscription,1013
80914,5121,10904,2024-05-13,142,USD,free,renewal,1003
80915,5121,10697,2024-11-02,1277,USD,enterprise,one_time,1020
80916,5121,10419,2024-10-23,338,EUR,pro,subscription,1036
80917,5121,10261,2024-08-31,1253,USD,free,one_time,1006
80918,5121,10895,2024-12-04,478,GBP,free,one_time,1043
80919,5121,10558,2024-12-01,451,USD,enterprise,one_time,1039
80920,5122,10107,2024-11-30,543,EUR,pro,upgrade,1000
80921,5122,10298,2024-09-07,547,USD,pro,renewal,1003
80922,5122,10306,2024-11-08,280,USD,free,upgrade,1001
80923,5122,10556,2024-08-30,5421,USD,pro,subscription,1009
80924,5122,10566,2024-12-02,879,EUR,enterprise,one_time,1004
80925,5122,10139,2024-10-28,67,USD,pro,subscription,1013
80926,5122,10788,2024-07-18,42,EUR,pro,subscription,1030
80927,5122,10149,2024-08-24,105,USD,pro,subscription,1025
80928,5123,10250,2024-01-08,930,USD,pro,one_time,1028
80929,5123,10346,2024-11-10,147,USD,pro,subscription,1000
80930,5123,10382,2024-03-18,123,USD,free,renewal,1044
80931,5123,10133,2024-03-04,222,USD,pro,one_time,1038
80932,5123,10549,2024-01-26,219,GBP,pro,upgrade,1046
80933,5123,10101,2024-03-21,321,USD,enterprise,upgrade,1038
80934,5123,10077,2024-03-27,4633,USD,pro,subscription,1049
80935,5123,10943,2024-02-19,224,USD,pro,subscription,1012
80936,5123,10719,2024-08-13,5235,USD,free,one_time,1044
80937,5123,10193,2024-02-12,43,USD,enterprise,subscription,1027
80938,5123,10044,2024-07-13,70,USD,enterprise,subscription,1008
80939,5123,10834,2024-05-11,205,EUR,enterprise,upgrade,1042
80940,5124,10061,2024-07-12,553,USD,pro,subscription,1019
80941,5124,10293,2024-11-06,229,USD,pro,subscription,1009
80942,5124,10996,2024-09-19,17612,EUR,pro,one_time,1005
80943,5124,10127,2024-12-16,260,EUR,enterprise,renewal,1017
80944,5124,10768,2024-08-17,994,EUR,pro,subscription,1010
80945,5124,10926,2024-10-02,4740,USD,pro,upgrade,1028
80946,5124,10127,2024-08-28,436,USD,enterprise,renewal,1047
80947,5125,10110,2024-07-16,5664,GBP,pro,subscription,1034
80948,5125,10170,2024-02-05,1111,USD,pro,renewal,1013
80949,5125,10209,2024-09-21,623,USD,enterprise,upgrade,1040
80950,5125,10464,2024-07-16,27,GBP,pro,upgrade,1037
80951,5125,10220,2024-06-18,213,USD,pro,renewal,1016
80952,5125,10069,2024-08-19,201,USD,pro,renewal,1033
80953,5125,10710,2024-06-13,1874,USD,pro,subscription,1033
80954,5125,10573,2024-12-09,691,USD,pro,renewal,1021
80955,5126,10221,2024-05-19,114,USD,pro,subscription,1000
80956,5126,10634,2024-11-12,19297,USD,pro,subscription,1020
80957,5126,10255,2024-10-09,381,EUR,pro,subscription,1015
80958,5127,10916,2024-05-14,54,USD,pro,subscription,1025
80959,5127,10319,2024-10-11,155,USD,pro,subscription,1001
80960,5127,10945,2024-12-17,315,EUR,pro,upgrade,1023
80961,5127,10358,2024-03-08,1080,USD,pro,renewal,1045
80962,5127,10513,2024-12-09,197,EUR,enterprise,renewal,1041
80963,5127,10901,2024-01-05,10172,USD,enterprise,subscription,1021
80964,5127,10163,2024-07-19,198,USD,pro,one_time,1014
80965,5127,10682,2024-04-29,83,USD,pro,subscription,1044
80966,5127,10786,2024-08-29,1399,USD,enterprise,upgrade,1013
80967,5127,10747,2024-07-04,717,USD,free,subscription,1020
80968,5127,10792,2024-06-19,1122,USD,pro,subscription,1001
80969,5127,10191,2024-02-17,33,USD,pro,subscription,1029
80970,5128,10048,2024-09-20,666,USD,pro,one_time,1000
80971,5128,10151,2024-01-10,12898,EUR,pro,renewal,1006
80972,5128,10528,2024-03-26,265,USD,pro,renewal,1047
80973,5128,10562,2024-05-29,11606,USD,pro,upgrade,1033
80974,5128,10169,2024-11-03,119,USD,pro,upgrade,1028
80975,5128,10968,2024-08-12,75,GBP,pro,subscription,1037
80976,5128,10949,2024-10-30,985,USD,enterprise,subscription,1040
80977,5128,10404,2024-04-29,18,USD,pro,upgrade,1045
80978,5128,10509,2024-05-28,32,USD,pro,subscription,1010
80979,5128,10234,2024-08-13,67,USD,enterprise,subscription,1003
80980,5129,10520,2024-10-14,446,EUR,pro,one_time,1042
80981,5129,10296,2024-04-09,493,EUR,enterprise,one_time,1003
80982,5129,10510,2024-09-13,1969,EUR,pro,subscription,1036
80983,5129,10358,2024-09-18,250,USD,pro,subscription,1015
80984,5129,10728,2024-04-04,111,USD,pro,upgrade,1022
80985,5129,10540,2024-03-27,119,USD,pro,subscription,1028
80986,5129,10996,2024-03-25,235,GBP,pro,one_time,1015
80987,5129,10559,2024-03-14,35,USD,enterprise,one_time,1048
80988,5129,10315,2024-11-02,2616,USD,enterprise,upgrade,1005
80989,5129,10100,2024-02-08,49,USD,enterprise,subscription,1000
80990,5129,10477,2024-08-03,766,EUR,pro,one_time,1031
80991,5129,10855,2024-05-12,431,USD,free,subscription,1011
80992,5129,10613,2024-01-02,380,USD,pro,subscription,1023
80993,5129,10774,2024-10-30,276,USD,enterprise,subscription,1048
80994,5129,10131,2024-12-26,223,USD,pro,subscription,1039
80995,5129,10174,2024-11-23,934,GBP,pro,subscription,1028
80996,5130,10490,2024-05-18,703,USD,enterprise,subscription,1037
80997,5130,10786,2024-07-20,1491,USD,enterprise,renewal,1015
80998,5130,10635,2024-02-27,44,USD,pro,subscription,1003
80999,5130,10577,2024-01-26,223,USD,pro,one_time,1043
81000,5130,10677,2024-06-12,85,EUR,pro,renewal,1029
81001,5130,10331,2024-07-14,570,USD,free,subscription,1049
81002,5130,10079,2024-11-13,3413,USD,pro,subscription,1018
81003,5130,10521,2024-05-10,480,EUR,enterprise,subscription,1013
81004,5130,10781,2024-11-16,1586,USD,pro,one_time,1046
81005,5130,10996,2024-06-20,277,USD,pro,one_time,1023
81006,5131,10745,2024-03-03,444,USD,pro,subscription,1023
81007,5131,10083,2024-06-14,3024,USD,pro,renewal,1046
81008,5131,10065,2024-04-10,152,USD,enterprise,one_time,1048
81009,5131,10403,2024-03-29,1204,USD,pro,one_time,1032
81010,5131,10363,2024-10-21,534,USD,pro,one_time,1046
81011,5131,10749,2024-10-27,587,EUR,free,subscription,1025
81012,5132,10585,2024-04-25,122,USD,pro,subscription,1006
81013,5132,10768,2024-10-17,202,USD,enterprise,renewal,1044
81014,5132,10186,2024-08-15,602,EUR,pro,subscription,1014
81015,5132,10246,2024-12-26,40,USD,pro,subscription,1034
81016,5132,10888,2024-07-07,410,GBP,enterprise,subscription,1021
81017,5132,10370,2024-10-14,896,USD,pro,subscription,1009
81018,5132,10552,2024-10-22,631,USD,pro,subscription,1048
81019,5132,10387,2024-12-11,3049,USD,enterprise,upgrade,1035
81020,5132,10536,2024-01-13,3598,USD,pro,subscription,1000
81021,5132,10744,2024-09-23,720,USD,pro,upgrade,1019
81022,5132,10781,2024-06-15,163,USD,pro,subscription,1040
81023,5132,10559,2024-11-15,57,USD,pro,renewal,1001
81024,5133,10779,2024-01-11,1709,USD,pro,upgrade,1027
81025,5133,10297,2024-07-19,330,USD,pro,upgrade,1049
81026,5133,10807,2024-02-28,134,USD,pro,one_time,1020
81027,5133,10651,2024-09-23,3150,GBP,pro,subscription,1040
81028,5133,10580,2024-09-19,2091,USD,free,one_time,1020
81029,5133,10345,2024-12-13,458,USD,free,one_time,1034
81030,5133,10069,2024-07-05,341,EUR,enterprise,subscription,1023
81031,5134,10227,2024-03-12,821,USD,pro,subscription,1009
81032,5134,10004,2024-10-16,42,USD,free,subscription,1014
81033,5134,10645,2024-01-17,154,GBP,free,subscription,1042
81034,5134,10081,2024-11-08,793,GBP,pro,subscription,1011
81035,5134,10385,2024-01-19,599,USD,pro,subscription,1011
81036,5135,10731,2024-02-27,987,EUR,pro,renewal,1029
81037,5135,10131,2024-01-20,5103,USD,pro,subscription,1016
81038,5135,10430,2024-12-12,278,USD,pro,subscription,1036
81039,5135,10143,2024-08-31,511,USD,pro,subscription,1033
81040,5136,10587,2024-10-17,62,USD,pro,subscription,1020
81041,5136,10795,2024-12-16,2872,USD,free,subscription,1002
81042,5136,10070,2024-01-03,130,EUR,pro,upgrade,1026
81043,5136,10819,2024-07-09,324,EUR,pro,subscription,1011
81044,5136,10346,2024-10-25,446,USD,pro,upgrade,1003
81045,5136,10435,2024-08-11,158,USD,pro,subscription,1003
81046,5137,10285,2024-05-09,1645,GBP,pro,subscription,1014
81047,5137,10615,2024-07-26,331,GBP,enterprise,subscription,1003
81048,5137,10729,2024-07-11,312,USD,pro,subscription,1008
81049,5137,10803,2024-12-27,20,GBP,pro,subscription,1038
81050,5137,10687,2024-12-18,422,GBP,pro,renewal,1010
81051,5137,10890,2024-02-26,259,USD,pro,upgrade,1012
81052,5137,10785,2024-05-12,220,USD,enterprise,renewal,1009
81053,5138,10556,2024-07-23,1402,USD,pro,renewal,1029
81054,5138,10886,2024-03-02,784,USD,pro,upgrade,1014
81055,5138,10429,2024-03-29,5297,USD,pro,subscription,1036
81056,5138,10101,2024-03-06,356,USD,pro,subscription,1009
81057,5138,10764,2024-09-13,331,USD,free,renewal,1043
81058,5138,10431,2024-07-19,228,USD,pro,subscription,1037
81059,5138,10428,2024-11-28,107,USD,enterprise,renewal,1005
81060,5139,10947,2024-11-26,959,USD,pro,subscription,1019
81061,5139,10485,2024-04-23,273,USD,pro,subscription,1031
81062,5139,10547,2024-09-21,838,EUR,pro,subscription,1032
81063,5139,10478,2024-01-05,493,USD,enterprise,subscription,1029
81064,5139,10509,2024-04-06,1125,EUR,free,renewal,1030
81065,5139,10575,2024-12-24,377,USD,pro,one_time,1044
81066,5139,10282,2024-04-20,274,EUR,pro,one_time,1011
81067,5139,10916,2024-12-10,1268,EUR,pro,renewal,1022
81068,5139,10364,2024-02-10,6229,USD,enterprise,subscription,1027
81069,5139,10542,2024-07-27,55,EUR,enterprise,subscription,1041
81070,5139,10151,2024-11-24,232,USD,pro,renewal,1039
81071,5139,10194,2024-03-05,761,USD,pro,upgrade,1027
81072,5140,10166,2024-09-09,237,USD,pro,renewal,1009
81073,5140,10545,2024-05-05,762,USD,pro,subscription,1018
81074,5140,10872,2024-03-12,288,USD,pro,subscription,1009
81075,5140,10460,2024-07-10,64,USD,pro,one_time,1032
81076,5140,10894,2024-04-19,787,EUR,pro,subscription,1028
81077,5140,10085,2024-12-21,119,USD,pro,upgrade,1028
81078,5140,10261,2024-08-04,928,USD,pro,one_time,1027
81079,5140,10126,2024-07-12,1700,USD,enterprise,one_time,1024
81080,5140,10937,2024-07-05,2906,USD,enterprise,renewal,1034
81081,5140,10092,2024-11-15,886,USD,enterprise,subscription,1003
81082,5140,10509,2024-12-07,857,GBP,pro,subscription,1049
81083,5141,10270,2024-12-15,200,USD,free,one_time,1019
81084,5141,10462,2024-01-02,104,USD,pro,subscription,1003
81085,5141,10205,2024-01-30,72,EUR,pro,subscription,1046
81086,5141,10399,2024-11-03,182,USD,pro,renewal,1020
81087,5141,10912,2024-10-12,1439,USD,enterprise,subscription,1047
81088,5141,10500,2024-09-08,562,USD,pro,subscription,1009
81089,5141,10999,2024-03-20,1128,USD,enterprise,subscription,1029
81090,5141,10763,2024-07-27,11391,USD,pro,renewal,1043
81091,5141,10313,2024-06-11,61,USD,free,renewal,1024
81092,5141,10976,2024-09-30,1108,GBP,pro,one_time,1032
81093,5142,10829,2024-05-26,115,USD,pro,subscription,1043
81094,5142,10994,2024-11-15,301,USD,pro,subscription,1012
81095,5142,10661,2024-01-30,596,GBP,pro,subscription,1007
81096,5142,10049,2024-11-04,4542,USD,pro,subscription,1042
81097,5142,10066,2024-06-27,283,EUR,pro,upgrade,1049
81098,5142,10738,2024-11-10,494,USD,pro,renewal,1015
81099,5143,10388,2024-10-21,589,EUR,free,subscription,1031
81100,5143,10554,2024-04-09,609,GBP,pro,upgrade,1032
81101,5143,10155,2024-12-13,207,USD,pro,one_time,1030
81102,5143,10511,2024-02-01,688,GBP,pro,subscription,1015
81103,5143,10994,2024-09-28,10,USD,pro,subscription,1013
81104,5143,10014,2024-01-26,10,USD,free,one_time,1027
81105,5143,10642,2024-10-27,315,USD,pro,subscription,1036
81106,5143,10284,2024-05-22,523,USD,pro,upgrade,1004
81107,5143,10723,2024-01-18,241,USD,enterprise,subscription,1043
81108,5143,10492,2024-08-28,4161,USD,pro,one_time,1016
81109,5143,10117,2024-06-19,587,EUR,pro,subscription,1039
81110,5143,10752,2024-11-02,49,USD,enterprise,subscription,1049
81111,5143,10842,2024-03-29,2255,USD,pro,one_time,1041
81112,5143,10077,2024-04-11,476,USD,free,renewal,1018
81113,5143,10398,2024-08-10,350,USD,pro,subscription,1032
81114,5144,10562,2024-05-09,69,USD,free,subscription,1027
81115,5144,10882,2024-06-05,88,EUR,enterprise,one_time,1015
81116,5144,10869,2024-12-18,446,USD,free,upgrade,1020
81117,5144,10180,2024-06-21,264,USD,pro,subscription,1024
81118,5144,10247,2024-02-29,216,USD,free,renewal,1044
81119,5144,10794,2024-09-13,75,USD,free,subscription,1022
81120,5144,10955,2024-09-06,185,USD,pro,subscription,1008
81121,5144,10774,2024-11-27,104,USD,free,subscription,1013
81122,5144,10583,2024-02-19,3076,USD,pro,subscription,1036
81123,5145,10691,2024-06-22,87,EUR,free,upgrade,1003
81124,5145,10153,2024-07-31,81,EUR,enterprise,renewal,1022
81125,5145,10884,2024-05-23,1093,USD,pro,subscription,1012
81126,5145,10198,2024-04-28,415,EUR,enterprise,subscription,1014
81127,5146,10985,2024-09-19,95,USD,enterprise,one_time,1001
81128,5146,10817,2024-01-31,254,EUR,pro,renewal,1039
81129,5146,10444,2024-06-25,439,EUR,pro,subscription,1034
81130,5146,10334,2024-07-27,501,USD,free,subscription,1011
81131,5146,10323,2024-08-18,405,USD,free,one_time,1010
81132,5146,10244,2024-10-30,29,USD,pro,renewal,1020
81133,5146,10277,2024-06-03,22,USD,pro,one_time,1030
81134,5146,10043,2024-12-07,128,EUR,pro,renewal,1023
81135,5146,10213,2024-03-06,2203,USD,free,subscription,1008
81136,5147,10690,2024-02-02,248,USD,pro,subscription,1033
81137,5147,10795,2024-05-01,124,USD,pro,one_time,1020
81138,5147,10074,2024-09-26,1605,USD,pro,one_time,1015
81139,5148,10524,2024-12-01,1981,GBP,enterprise,subscription,1024
81140,5148,10853,2024-12-18,139,EUR,free,subscription,1008
81141,5148,10532,2024-06-23,389,EUR,pro,subscription,1012
81142,5148,10484,2024-08-04,113,GBP,pro,subscription,1022
81143,5148,10298,2024-01-20,349,USD,pro,upgrade,1021
81144,5148,10257,2024-04-10,187,EUR,enterprise,one_time,1028
81145,5149,10549,2024-07-28,87,USD,pro,subscription,1049
81146,5149,10839,2024-06-18,275,EUR,pro,renewal,1015
81147,5149,10711,2024-01-23,40,USD,pro,subscription,1046
81148,5149,10654,2024-09-17,2151,USD,pro,one_time,1007
81149,5149,10398,2024-08-10,131,USD,free,subscription,1032
81150,5149,10073,2024-12-27,255,USD,pro,subscription,1025
81151,5149,10274,2024-05-31,1889,USD,pro,subscription,1030
81152,5149,10929,2024-09-03,297,EUR,pro,subscription,1005
81153,5149,10025,2024-11-21,268,EUR,free,subscription,1002
81154,5150,10708,2024-05-23,139,GBP,enterprise,subscription,1003
81155,5150,10335,2024-11-18,358,USD,pro,subscription,1043
81156,5150,10340,2024-02-10,1045,EUR,enterprise,subscription,1006
81157,5150,10276,2024-01-08,820,USD,pro,renewal,1006
81158,5150,10440,2024-01-06,1152,EUR,enterprise,subscription,1039
81159,5150,10372,2024-09-14,150,USD,pro,one_time,1027
81160,5150,10343,2024-02-29,229,GBP,enterprise,renewal,1043
81161,5150,10729,2024-11-04,452,GBP,pro,one_time,1022
81162,5150,10816,2024-03-08,59,USD,pro,upgrade,1043
81163,5151,10975,2024-10-01,1568,EUR,pro,subscription,1010
81164,5151,10106,2024-01-30,370,EUR,free,renewal,1015
81165,5151,10947,2024-07-16,887,USD,free,subscription,1014
81166,5151,10385,2024-05-18,144,USD,enterprise,subscription,1045
81167,5151,10993,2024-10-02,537,USD,pro,subscription,1037
81168,5151,10990,2024-01-02,1153,EUR,pro,upgrade,1003
81169,5151,10333,2024-09-13,49,USD,enterprise,upgrade,1048
81170,5151,10938,2024-08-16,402,USD,free,subscription,1019
81171,5152,10780,2024-04-04,1197,USD,pro,renewal,1012
81172,5152,10531,2024-01-15,154,EUR,pro,one_time,1037
81173,5152,10594,2024-10-27,39,USD,pro,subscription,1023
81174,5152,10592,2024-10-19,911,USD,pro,upgrade,1004
81175,5152,10098,2024-11-01,1059,USD,pro,renewal,1016
81176,5152,10842,2024-08-10,53,EUR,pro,renewal,1030
81177,5152,10290,2024-08-27,216,USD,enterprise,upgrade,1007
81178,5152,10402,2024-02-12,377,USD,pro,subscription,1049
81179,5152,10714,2024-06-04,16,GBP,pro,subscription,1007
81180,5152,10898,2024-05-18,237,USD,enterprise,subscription,1017
81181,5152,10019,2024-04-19,66,EUR,free,upgrade,1003
81182,5153,10903,2024-04-20,10,USD,pro,upgrade,1022
81183,5153,10867,2024-12-20,172,USD,pro,one_time,1035
81184,5153,10686,2024-04-12,10497,GBP,pro,subscription,1041
81185,5153,10083,2024-04-21,381,GBP,pro,renewal,1026
81186,5153,10795,2024-05-25,275,GBP,pro,upgrade,1016
81187,5153,10343,2024-02-24,343,USD,free,renewal,1034
81188,5153,10501,2024-11-19,425,EUR,free,one_time,1020
81189,5154,10805,2024-08-07,297,USD,enterprise,subscription,1019
81190,5154,10498,2024-02-02,1309,USD,pro,subscription,1039
81191,5154,10880,2024-04-03,684,USD,pro,subscription,1039
81192,5154,10426,2024-02-10,323,EUR,pro,one_time,1006
81193,5154,10124,2024-10-20,54,USD,pro,subscription,1024
81194,5155,10437,2024-08-21,1958,USD,free,subscription,1044
81195,5155,10104,2024-11-30,26,GBP,pro,renewal,1013
81196,5155,10719,2024-08-04,23,USD,pro,subscription,1035
81197,5155,10847,2024-10-13,780,USD,free,subscription,1001
81198,5155,10971,2024-11-03,186,EUR,pro,one_time,1015
81199,5155,10667,2024-06-10,2079,EUR,pro,one_time,1043
81200,5155,10660,2024-04-20,222,USD,pro,subscription,1039
81201,5155,10981,2024-10-20,2749,USD,free,subscription,1030
81202,5155,10492,2024-02-03,296,USD,enterprise,subscription,1021
81203,5156,10188,2024-02-10,1849,USD,pro,subscription,1017
81204,5156,10312,2024-03-16,385,USD,free,upgrade,1014
81205,5156,10015,2024-10-20,295,USD,enterprise,one_time,1043
81206,5156,10629,2024-11-13,684,USD,enterprise,subscription,1001
81207,5156,10347,2024-03-30,243,EUR,free,subscription,1015
81208,5156,10340,2024-08-26,29,USD,free,subscription,1045
81209,5156,10688,2024-07-09,290,EUR,pro,subscription,1023
81210,5157,10769,2024-02-03,2050,USD,pro,subscription,1008
81211,5157,10623,2024-11-22,2816,EUR,pro,one_time,1017
81212,5157,10658,2024-06-26,308,GBP,pro,one_time,1022
81213,5157,10310,2024-02-27,244,EUR,enterprise,subscription,1019
81214,5157,10082,2024-12-26,2382,USD,pro,subscription,1035
81215,5157,10713,2024-03-13,457,USD,pro,subscription,1017
81216,5157,10679,2024-09-18,482,USD,enterprise,renewal,1013
81217,5157,10851,2024-12-27,131,EUR,pro,subscription,1005
81218,5158,10685,2024-09-14,452,USD,pro,subscription,1004
81219,5158,10967,2024-11-27,316,USD,pro,renewal,1014
81220,5158,10025,2024-03-31,114,EUR,enterprise,subscription,1023
81221,5158,10297,2024-06-09,1216,USD,pro,subscription,1032
81222,5158,10231,2024-08-03,401,USD,free,subscription,1026
81223,5158,10329,2024-02-18,326,USD,pro,renewal,1039
81224,5158,10069,2024-01-16,24,USD,pro,one_time,1033
81225,5158,10572,2024-10-07,111,USD,pro,upgrade,1041
81226,5158,10331,2024-06-17,1306,EUR,free,subscription,1045
81227,5158,10065,2024-06-08,87,USD,pro,upgrade,1002
81228,5158,10761,2024-05-27,7924,USD,pro,subscription,1048
81229,5159,10017,2024-02-07,868,USD,pro,subscription,1029
81230,5159,10008,2024-01-05,413,USD,pro,subscription,1045
81231,5159,10311,2024-03-15,6382,USD,pro,subscription,1034
81232,5159,10234,2024-09-24,435,EUR,pro,upgrade,1025
81233,5159,10431,2024-08-03,789,USD,pro,subscription,1046
81234,5159,10514,2024-03-24,384,USD,pro,subscription,1023
81235,5159,10798,2024-12-14,10,EUR,pro,one_time,1010
81236,5159,10626,2024-02-07,41,USD,pro,one_time,1012
81237,5159,10774,2024-03-13,1311,USD,pro,subscription,1039
81238,5159,10496,2024-11-02,2504,USD,pro,subscription,1031
81239,5159,10021,2024-08-17,196,USD,free,renewal,1037
81240,5160,10332,2024-05-07,171,USD,enterprise,subscription,1027
81241,5160,10931,2024-08-31,93,EUR,pro,one_time,1009
81242,5160,10884,2024-11-24,482,USD,pro,subscription,1016
81243,5160,10981,2024-01-07,175,USD,enterprise,subscription,1046
81244,5161,10702,2024-02-20,317,USD,enterprise,subscription,1011
81245,5161,10747,2024-04-10,1311,USD,enterprise,subscription,1000
81246,5161,10191,2024-12-03,1577,USD,pro,one_time,1046
81247,5161,10635,2024-07-20,624,USD,pro,subscription,1038
81248,5161,10565,2024-03-09,179,USD,pro,renewal,1031
81249,5161,10301,2024-06-02,2030,USD,pro,renewal,1043
81250,5161,10314,2024-10-15,87,EUR,enterprise,subscription,1016
81251,5162,10510,2024-06-07,6762,USD,enterprise,subscription,1049
81252,5162,10377,2024-11-29,416,USD,pro,renewal,1022
81253,5162,10359,2024-10-13,889,USD,pro,subscription,1020
81254,5162,10058,2024-10-09,117,USD,pro,subscription,1003
81255,5163,10375,2024-05-08,477,USD,pro,subscription,1030
81256,5163,10620,2024-01-11,64,EUR,pro,renewal,1016
81257,5163,10224,2024-02-22,97,USD,enterprise,one_time,1036
81258,5163,10661,2024-11-30,130,GBP,enterprise,subscription,1011
81259,5163,10332,2024-01-11,3048,USD,free,one_time,1042
81260,5163,10977,2024-03-16,336,EUR,pro,renewal,1000
81261,5164,10650,2024-10-23,2730,GBP,enterprise,renewal,1029
81262,5164,10725,2024-06-20,76,USD,pro,subscription,1017
81263,5164,10462,2024-01-09,107,USD,pro,renewal,1008
81264,5164,10002,2024-01-19,75,USD,pro,renewal,1009
81265,5164,10203,2024-08-23,335,USD,pro,upgrade,1006
81266,5164,10679,2024-03-16,10,EUR,pro,subscription,1011
81267,5164,10951,2024-08-24,1613,USD,pro,upgrade,1037
81268,5164,10507,2024-10-30,103,USD,pro,subscription,1007
81269,5164,10604,2024-03-20,535,USD,pro,one_time,1044
81270,5164,10124,2024-10-12,4559,USD,enterprise,subscription,1049
81271,5165,10330,2024-06-28,910,GBP,enterprise,renewal,1009
81272,5165,10845,2024-12-27,29,EUR,pro,subscription,1013
81273,5165,10648,2024-11-13,24783,GBP,enterprise,subscription,1010
81274,5165,10980,2024-02-10,1880,USD,free,renewal,1023
81275,5165,10835,2024-09-19,984,USD,enterprise,subscription,1041
81276,5165,10740,2024-06-02,299,USD,pro,renewal,1000
81277,5165,10684,2024-06-08,1559,GBP,enterprise,subscription,1047
81278,5165,10989,2024-12-11,1309,USD,pro,subscription,1036
81279,5165,10192,2024-12-19,1707,USD,free,subscription,1025
81280,5165,10795,2024-07-28,4318,USD,pro,subscription,1033
81281,5166,10777,2024-12-01,445,USD,free,upgrade,1016
81282,5166,10098,2024-04-27,143,USD,pro,renewal,1000
81283,5166,10204,2024-10-29,44,USD,enterprise,subscription,1044
81284,5166,10832,2024-11-11,242,USD,pro,subscription,1013
81285,5166,10547,2024-01-31,209,USD,enterprise,upgrade,1023
81286,5166,10844,2024-09-02,128,USD,pro,renewal,1005
81287,5166,10530,2024-06-28,27,EUR,free,subscription,1025
81288,5166,10660,2024-01-04,4116,EUR,enterprise,subscription,1034
81289,5166,10774,2024-04-12,293,USD,free,renewal,1031
81290,5166,10624,2024-06-10,3970,USD,pro,one_time,1016
81291,5166,10417,2024-03-02,203,USD,pro,subscription,1016
81292,5167,10575,2024-06-06,35,USD,pro,subscription,1022
81293,5167,10384,2024-11-06,552,EUR,enterprise,subscription,1006
81294,5167,10287,2024-08-23,167,USD,free,one_time,1041
81295,5167,10049,2024-07-29,10045,USD,enterprise,one_time,1008
81296,5167,10997,2024-11-12,416,USD,pro,renewal,1001
81297,5167,10212,2024-09-05,2015,EUR,free,subscription,1001
81298,5167,10213,2024-12-01,504,EUR,pro,renewal,1028
81299,5167,10547,2024-03-04,10,USD,free,subscription,1022
81300,5168,10608,2024-06-12,342,USD,pro,renewal,1024
81301,5168,10555,2024-04-23,6697,USD,pro,upgrade,1041
81302,5168,10410,2024-11-19,242,USD,enterprise,one_time,1015
81303,5168,10935,2024-09-08,390,USD,pro,one_time,1023
81304,5168,10894,2024-10-23,964,USD,pro,upgrade,1028
81305,5168,10690,2024-08-16,457,USD,pro,one_time,1005
81306,5169,10367,2024-02-13,876,USD,free,one_time,1023
81307,5169,10633,2024-06-21,3343,USD,pro,renewal,1002
81308,5169,10775,2024-03-10,2457,GBP,pro,one_time,1035
81309,5169,10458,2024-09-28,1039,USD,enterprise,one_time,1032
81310,5169,10769,2024-03-23,67,USD,pro,one_time,1016
81311,5169,10945,2024-03-06,61,USD,pro,subscription,1020
81312,5169,10239,2024-02-07,3164,USD,pro,subscription,1007
81313,5169,10387,2024-08-10,735,USD,pro,upgrade,1000
81314,5169,10141,2024-12-09,744,USD,pro,one_time,1040
81315,5170,10015,2024-04-14,361,USD,enterprise,subscription,1039
81316,5170,10176,2024-09-02,351,USD,pro,subscription,1045
81317,5170,10933,2024-02-12,989,USD,pro,subscription,1005
81318,5170,10776,2024-06-09,586,USD,pro,upgrade,1022
81319,5170,10854,2024-01-24,61,USD,pro,subscription,1021
81320,5170,10624,2024-01-06,36,USD,enterprise,upgrade,1001
81321,5170,10019,2024-03-11,64,USD,pro,upgrade,1012
81322,5171,10776,2024-02-25,471,USD,pro,subscription,1030
81323,5171,10967,2024-10-15,2832,GBP,enterprise,subscription,1024
81324,5171,10440,2024-04-06,54,EUR,pro,subscription,1023
81325,5171,10543,2024-04-15,413,USD,pro,one_time,1033
81326,5171,10599,2024-08-22,19,USD,enterprise,subscription,1027
81327,5171,10590,2024-05-18,180,EUR,pro,subscription,1031
81328,5171,10061,2024-03-21,13,USD,enterprise,subscription,1009
81329,5171,10515,2024-05-11,147,USD,pro,renewal,1046
81330,5171,10874,2024-05-02,866,USD,pro,one_time,1040
81331,5171,10466,2024-08-08,2730,EUR,pro,subscription,1033
81332,5171,10772,2024-11-20,100,USD,enterprise,subscription,1008
81333,5171,10658,2024-10-02,789,USD,pro,one_time,1044
81334,5171,10751,2024-06-17,783,EUR,pro,one_time,1025
81335,5172,10212,2024-04-01,147,GBP,pro,one_time,1002
81336,5172,10341,2024-05-10,299,USD,pro,one_time,1045
81337,5172,10582,2024-11-27,10,EUR,pro,subscription,1006
81338,5172,10932,2024-02-28,44,EUR,pro,renewal,1031
81339,5172,10390,2024-11-18,475,USD,pro,subscription,1023
81340,5172,10975,2024-04-18,66,USD,pro,renewal,1012
81341,5173,10716,2024-06-12,170,EUR,enterprise,subscription,1006
81342,5173,10208,2024-06-18,878,USD,pro,renewal,1049
81343,5173,10060,2024-06-26,1016,USD,pro,one_time,1022
81344,5173,10318,2024-02-01,170,USD,enterprise,one_time,1025
81345,5174,10373,2024-03-30,73,USD,enterprise,subscription,1017
81346,5174,10950,2024-06-05,916,USD,pro,subscription,1011
81347,5174,10660,2024-08-09,295,EUR,pro,one_time,1023
81348,5174,10322,2024-03-21,70,USD,pro,subscription,1013
81349,5174,10580,2024-03-01,4046,GBP,pro,one_time,1045
81350,5174,10219,2024-06-01,267,GBP,pro,subscription,1000
81351,5175,10922,2024-04-10,54,EUR,pro,subscription,1027
81352,5175,10619,2024-02-02,540,USD,pro,one_time,1042
81353,5175,10027,2024-07-17,94,USD,pro,upgrade,1041
81354,5175,10732,2024-10-26,84,EUR,pro,subscription,1005
81355,5175,10265,2024-04-14,204,USD,pro,subscription,1049
81356,5175,10489,2024-03-11,3602,USD,pro,subscription,1003
81357,5175,10656,2024-07-27,761,EUR,pro,one_time,1017
81358,5175,10886,2024-03-14,64,GBP,pro,subscription,1010
81359,5175,10373,2024-02-22,1942,USD,pro,subscription,1014
81360,5175,10481,2024-04-29,178,EUR,pro,subscription,1005
81361,5175,10145,2024-03-23,1397,USD,pro,one_time,1037
81362,5175,10601,2024-07-09,2188,USD,enterprise,one_time,1017
81363,5175,10907,2024-05-01,3118,USD,free,subscription,1036
81364,5175,10922,2024-01-29,1845,EUR,enterprise,subscription,1022
81365,5175,10487,2024-06-06,10343,USD,pro,one_time,1004
81366,5175,10897,2024-09-22,230,USD,pro,one_time,1025
81367,5175,10405,2024-03-04,549,USD,pro,subscription,1021
81368,5175,10544,2024-05-28,55,USD,enterprise,upgrade,1015
81369,5175,10646,2024-03-18,414,USD,pro,one_time,1011
81370,5176,10910,2024-02-28,10480,EUR,free,subscription,1043
81371,5176,10548,2024-10-21,52,USD,free,subscription,1028
81372,5176,10093,2024-06-11,176,USD,pro,subscription,1045
81373,5176,10359,2024-06-02,130,USD,enterprise,subscription,1047
81374,5176,10610,2024-10-27,57,USD,pro,one_time,1007
81375,5176,10695,2024-01-15,53,USD,pro,one_time,1005
81376,5176,10612,2024-09-07,132,USD,pro,subscription,1001
81377,5177,10263,2024-08-09,87,EUR,pro,subscription,1014
81378,5177,10556,2024-01-07,75,USD,pro,one_time,1012
81379,5177,10383,2024-05-04,3474,EUR,enterprise,subscription,1027
81380,5177,10192,2024-09-01,67,USD,free,upgrade,1037
81381,5177,10015,2024-07-13,921,EUR,pro,subscription,1027
81382,5177,10745,2024-03-04,13344,GBP,pro,one_time,1035
81383,5177,10102,2024-01-27,6282,USD,enterprise,upgrade,1023
81384,5177,10413,2024-05-04,1010,EUR,pro,one_time,1020
81385,5177,10959,2024-05-16,1656,USD,free,one_time,1009
81386,5178,10376,2024-09-08,90,EUR,enterprise,one_time,1038
81387,5178,10425,2024-01-10,817,USD,pro,subscription,1042
81388,5178,10771,2024-10-10,1230,USD,enterprise,subscription,1018
81389,5178,10634,2024-02-26,57,USD,enterprise,subscription,1027
81390,5178,10037,2024-03-12,4814,USD,pro,renewal,1008
81391,5179,10518,2024-06-26,22,EUR,enterprise,subscription,1026
81392,5179,10863,2024-12-12,1420,USD,pro,subscription,1041
81393,5179,10969,2024-10-21,849,GBP,pro,subscription,1040
81394,5179,10444,2024-03-09,5456,USD,pro,subscription,1027
81395,5179,10785,2024-09-26,115,USD,enterprise,renewal,1030
81396,5179,10569,2024-06-27,4117,USD,pro,upgrade,1043
81397,5180,10270,2024-10-18,708,GBP,enterprise,upgrade,1033
81398,5180,10694,2024-07-10,334,USD,pro,renewal,1006
81399,5180,10991,2024-12-29,1199,EUR,pro,one_time,1035
81400,5181,10985,2024-03-17,978,USD,pro,subscription,1037
81401,5181,10294,2024-03-28,304,USD,enterprise,renewal,1034
81402,5181,10442,2024-05-17,87,EUR,free,one_time,1023
81403,5181,10812,2024-02-04,9418,EUR,pro,subscription,1042
81404,5181,10460,2024-05-21,60,USD,enterprise,subscription,1014
81405,5181,10037,2024-05-13,400,GBP,pro,subscription,1010
81406,5182,10783,2024-01-20,335,USD,pro,subscription,1007
81407,5182,10558,2024-01-06,877,USD,free,subscription,1006
81408,5182,10120,2024-03-29,48,USD,pro,subscription,1049
81409,5182,10314,2024-10-25,1660,USD,pro,subscription,1005
81410,5182,10961,2024-12-14,2091,USD,pro,subscription,1039
81411,5182,10180,2024-09-28,2355,USD,free,upgrade,1005
81412,5182,10890,2024-01-08,105,EUR,pro,one_time,1044
81413,5182,10023,2024-01-15,7067,GBP,pro,subscription,1040
81414,5183,10058,2024-05-30,1411,USD,pro,subscription,1041
81415,5183,10370,2024-07-07,811,USD,pro,subscription,1031
81416,5183,10587,2024-11-25,1019,EUR,pro,subscription,1014
81417,5183,10967,2024-08-26,140,USD,pro,upgrade,1032
81418,5183,10967,2024-05-06,427,USD,pro,renewal,1029
81419,5183,10576,2024-10-10,222,EUR,pro,renewal,1033
81420,5183,10516,2024-05-27,82,USD,pro,subscription,1021
81421,5183,10724,2024-01-12,65,USD,enterprise,one_time,1009
81422,5184,10129,2024-12-03,5368,EUR,free,subscription,1016
81423,5184,10175,2024-08-03,1192,GBP,pro,subscription,1012
81424,5184,10312,2024-12-11,4877,USD,pro,one_time,1008
81425,5184,10980,2024-07-30,748,USD,enterprise,one_time,1023
81426,5184,10493,2024-07-11,2276,USD,pro,one_time,1019
81427,5185,10114,2024-02-06,400,USD,enterprise,subscription,1037
81428,5185,10504,2024-05-23,38,GBP,enterprise,one_time,1032
81429,5185,10203,2024-09-18,3582,USD,pro,subscription,1045
81430,5185,10021,2024-07-26,770,EUR,enterprise,subscription,1027
81431,5186,10003,2024-07-12,158,USD,pro,subscription,1043
81432,5186,10278,2024-06-25,119,EUR,pro,subscription,1030
81433,5186,10924,2024-12-29,100,USD,free,subscription,1009
81434,5186,10008,2024-03-11,534,USD,enterprise,subscription,1029
81435,5186,10620,2024-01-02,524,EUR,pro,subscription,1042
81436,5187,10778,2024-09-27,50,GBP,pro,subscription,1021
81437,5187,10802,2024-06-04,337,EUR,pro,subscription,1025
81438,5187,10101,2024-08-28,2388,USD,enterprise,renewal,1035
81439,5187,10878,2024-06-04,778,EUR,pro,upgrade,1027
81440,5187,10761,2024-04-17,65,USD,enterprise,upgrade,1034
81441,5187,10135,2024-05-30,845,USD,pro,subscription,1001
81442,5187,10209,2024-02-26,603,USD,pro,renewal,1037
81443,5187,10533,2024-08-13,802,USD,pro,upgrade,1009
81444,5187,10701,2024-01-15,1825,EUR,pro,subscription,1012
81445,5187,10862,2024-07-28,754,USD,pro,subscription,1035
81446,5188,10742,2024-01-10,71,USD,enterprise,subscription,1040
81447,5188,10171,2024-11-08,64,EUR,pro,subscription,1000
81448,5188,10703,2024-09-16,3648,USD,enterprise,upgrade,1026
81449,5188,10241,2024-02-08,562,EUR,pro,upgrade,1020
81450,5189,10762,2024-08-28,1743,USD,enterprise,renewal,1012
81451,5189,10902,2024-02-25,127,USD,free,upgrade,1017
81452,5189,10360,2024-01-17,56,GBP,pro,subscription,1009
81453,5189,10028,2024-02-18,357,USD,enterprise,subscription,1002
81454,5189,10770,2024-10-03,2306,USD,pro,subscription,1031
81455,5189,10806,2024-05-13,1609,USD,free,one_time,1048
81456,5189,10079,2024-01-28,419,USD,pro,renewal,1024
81457,5189,10344,2024-07-19,250,USD,pro,upgrade,1038
81458,5189,10613,2024-10-26,253,USD,pro,one_time,1003
81459,5189,10505,2024-09-02,1116,USD,free,subscription,1022
81460,5189,10867,2024-10-18,177,USD,pro,one_time,1044
81461,5189,10718,2024-11-30,332,USD,pro,subscription,1043
81462,5190,10631,2024-02-29,97,USD,enterprise,subscription,1024
81463,5190,10206,2024-07-29,934,USD,pro,subscription,1017
81464,5190,10873,2024-02-16,1492,USD,pro,subscription,1016
81465,5190,10909,2024-07-21,24,EUR,enterprise,upgrade,1006
81466,5190,10300,2024-10-03,2475,USD,pro,subscription,1012
81467,5190,10134,2024-08-18,232,EUR,pro,subscription,1014
81468,5190,10572,2024-07-18,1543,USD,free,subscription,1021
81469,5190,10414,2024-12-15,613,USD,pro,subscription,1004
81470,5190,10378,2024-01-10,245,USD,pro,renewal,1042
81471,5191,10013,2024-09-14,603,USD,pro,subscription,1009
81472,5191,10382,2024-12-24,1472,USD,enterprise,upgrade,1038
81473,5191,10213,2024-04-10,126,EUR,pro,upgrade,1002
81474,5191,10801,2024-10-08,2864,USD,pro,renewal,1020
81475,5191,10897,2024-09-14,362,USD,pro,renewal,1024
81476,5191,10815,2024-02-12,78,USD,pro,subscription,1038
81477,5191,10296,2024-01-18,10,USD,enterprise,subscription,1002
81478,5192,10467,2024-07-05,2497,USD,free,upgrade,1042
81479,5192,10737,2024-05-15,168,USD,free,subscription,1020
81480,5192,10253,2024-02-04,409,USD,pro,renewal,1036
81481,5192,10717,2024-10-09,26939,USD,free,upgrade,1031
81482,5192,10442,2024-01-01,792,USD,pro,renewal,1031
81483,5193,10670,2024-06-04,150,USD,pro,upgrade,1043
81484,5193,10486,2024-08-04,444,USD,pro,renewal,1031
81485,5193,10084,2024-06-19,1533,USD,enterprise,subscription,1028
81486,5193,10946,2024-10-22,411,USD,pro,subscription,1025
81487,5193,10387,2024-09-07,427,USD,enterprise,subscription,1004
81488,5193,10311,2024-12-12,1710,USD,free,subscription,1019
81489,5194,10762,2024-11-17,121,USD,pro,renewal,1031
81490,5194,10980,2024-07-25,696,USD,pro,subscription,1020
81491,5194,10070,2024-02-06,5334,USD,pro,one_time,1020
81492,5194,10445,2024-04-19,239,USD,pro,upgrade,1027
81493,5194,10179,2024-11-16,89,USD,pro,upgrade,1029
81494,5194,10245,2024-04-02,663,USD,enterprise,subscription,1011
81495,5194,10851,2024-06-13,2975,USD,enterprise,one_time,1008
81496,5195,10339,2024-06-29,20,USD,enterprise,subscription,1042
81497,5195,10861,2024-07-01,3162,USD,pro,subscription,1024
81498,5195,10695,2024-06-07,96,GBP,pro,one_time,1001
81499,5195,10428,2024-01-31,224,USD,pro,upgrade,1045
81500,5196,10773,2024-12-31,671,EUR,pro,subscription,1045
81501,5196,10171,2024-04-17,1077,USD,enterprise,subscription,1048
81502,5196,10379,2024-01-02,618,USD,free,upgrade,1038
81503,5196,10787,2024-10-30,16,USD,enterprise,upgrade,1008
81504,5196,10103,2024-04-20,30,EUR,pro,one_time,1013
81505,5196,10195,2024-06-11,1379,USD,free,one_time,1034
81506,5196,10189,2024-06-12,1032,USD,pro,subscription,1039
81507,5196,10847,2024-07-15,105,USD,free,subscription,1025
81508,5196,10082,2024-06-15,801,USD,enterprise,subscription,1037
81509,5196,10826,2024-11-06,44,USD,free,subscription,1016
81510,5196,10677,2024-11-06,740,USD,pro,subscription,1019
81511,5196,10781,2024-05-08,69,USD,pro,renewal,1037
81512,5197,10714,2024-05-15,10032,USD,pro,subscription,1020
81513,5197,10910,2024-07-25,5583,EUR,enterprise,subscription,1002
81514,5197,10211,2024-09-15,184,USD,enterprise,upgrade,1015
81515,5197,10848,2024-08-24,1672,GBP,enterprise,upgrade,1006
81516,5198,10870,2024-05-28,805,USD,pro,subscription,1038
81517,5198,10411,2024-07-10,240,EUR,pro,one_time,1008
81518,5198,10118,2024-07-31,110,GBP,pro,subscription,1030
81519,5198,10212,2024-03-06,514,USD,pro,subscription,1046
81520,5198,10071,2024-11-13,90,USD,pro,subscription,1031
81521,5198,10253,2024-10-03,641,USD,enterprise,subscription,1015
81522,5198,10744,2024-07-23,215,USD,pro,upgrade,1003
81523,5198,10925,2024-09-15,44171,USD,pro,subscription,1000
81524,5199,10588,2024-12-06,1351,EUR,free,subscription,1026
81525,5199,10510,2024-11-11,551,USD,pro,upgrade,1025
81526,5199,10353,2024-04-22,3375,USD,enterprise,renewal,1021
81527,5199,10194,2024-05-08,335,EUR,pro,subscription,1008
81528,5199,10340,2024-10-29,138,USD,pro,upgrade,1043
81529,5199,10144,2024-02-27,172,USD,pro,upgrade,1028
81530,5199,10537,2024-03-17,232,USD,enterprise,subscription,1006
81531,5199,10859,2024-03-11,375,USD,pro,renewal,1028
81532,5199,10951,2024-09-15,107,USD,free,renewal,1012
81533,5199,10345,2024-08-30,3346,USD,enterprise,subscription,1034
